Version,Description,Component,Files_Modified,Lines_Added,Lines_Removed,Patch_Type
2.6.1,"[XFS] Add the noikeep mount option, make ikeep the default for now.",vfs,1,7,2,Feature
2.6.1,"[XFS] Fix a possible bio-leak on I/O submission, in a case where no I/O was required.",file,1,2,7,Bug
2.6.1,[XFS] Update XFS documentation.,misc->doc,0,0,0,Maintenance
2.6.2,[XFS] Remove debug source file from kernel tree; useless without kdb and,misc->code,0,0,0,Maintenance
2.6.2,[XFS] Rename pagebuf debug option (ie. pagebuf tracing) into a generic XFS tracing option for the other XFS trace code to use too (once fixed).,misc->code,0,0,0,Maintenance
2.6.2,[XFS] Fix compiler warning after change to xfs_ioctl interface.,misc->compile,0,0,0,Maintenance
2.6.2,[XFS] Implement dm_get_bulkall,misc->code,0,0,0,Maintenance
2.6.2,"[XFS] Add some IO path tracing, move inval_cached_pages to a better home to help.",file,4,164,109,Reliability
2.6.2,"[XFS] Fix ktrace code - dont build unilaterally, and do earlier init for pagebuf use.",misc->code,0,0,0,Maintenance
2.6.2,[XFS] Fix log tracing code so it is independent of DEBUG like other traces.,misc->code,0,0,0,Maintenance
2.6.2,[XFS] Fix build fallout from reordering xfsidbg headers for tracing fixes.,misc->compile,0,0,0,Maintenance
2.6.2,[XFS] Rename the vnode tracing macro to be consistent with the other trace code,misc->code,0,0,0,Maintenance
2.6.2,[XFS] Enable tracing in the quota code if requested,quota,3,33,24,Reliability
2.6.2,[XFS] Fix exports for tracing symbol access in idbg code.,misc->code,0,0,0,Maintenance
2.6.2,"[XFS] When tracing extended attribute calls, only access the buffer when it exists.",xattr,1,8,4,Bug
2.6.2,"[XFS] Fix build with tracing enabled, couple of portability macros, move externs into headers.",misc->code,0,0,0,Maintenance
2.6.2,[XFS] Enable the tracing options in XFS Makefiles.,misc->code,0,0,0,Maintenance
2.6.2,[XFS] Dont build objects which are not linked into the kernel ever.,misc->code,0,0,0,Maintenance
2.6.2,[XFS] Fix compiler warning due to mismatched types.,misc->compile,0,0,0,Maintenance
2.6.2,[XFS] Remove duplicate FILP_DELAY_FLAG macro,misc->code,0,0,0,Maintenance
2.6.2,[XFS] Fix warnings when tracing enabled on 64 bit platforms,misc->compile,0,0,0,Maintenance
2.6.2,[XFS] Add a stack trace to _xfs_force_shutdown.,file,1,3,0,Reliability
2.6.2,[XFS] Fix test for large sector_t when finding max file offset,super,1,1,1,Bug
2.6.2,"[XFS] Fix an infinite writepage loop under a combination of low free space, and racing write/unlink calls to the same file.",file,1,5,6,Bug
2.6.2,[XFS] Fix error code sign on forced shutdown in iomap; sync iomap code up between 2.4 and 2.6 versions.,misc->code,0,0,0,Maintenance
2.6.2,[XFS] Enable pagebuf lock tracking with debug config option.,misc->code,0,0,0,Maintenance
2.6.2,"[XFS] Cleanup the page buffers loop in writepage (no goto, like 2.4 variant).",misc->code,0,0,0,Maintenance
2.6.2,[XFS] move the iomap data structures out of pagebuf,misc->code,0,0,0,Maintenance
2.6.2,[XFS] Merge page_buf_locking routines in with the rest of page_buf.,misc->code,0,0,0,Maintenance
2.6.2,[XFS] Switch to using the BSD qsort implementation.,misc->code,0,0,0,Maintenance
2.6.2,"[XFS] Change pagebuf to use the same ktrace implementation as XFS, instead of reinventing that wheel.",misc->code,0,0,0,Maintenance
2.6.2,[XFS] Seperate the NFS reference cache code out from xfs_rw.c to simplify management of different kernel versions.,misc->code,0,0,0,Maintenance
2.6.2,[XFS] Trivial/whitespace changes to sync up different trees a bit.,misc->code,0,0,0,Maintenance
2.6.2,[XFS] Set proper device for realtime files in linvfs_get_block_core,file,1,3,0,Bug
2.6.2,[XFS] Remove assertion that we do not hold a lock - no lock ownership state available.,"quota,journal",3,0,25,Bug
2.6.2,[XFS] Fix sysctl handlers to expect ints,misc->code,0,0,0,Maintenance
2.6.2,[XFS] Move the stack trace wrapper into a kernel-version-specific location.,misc->code,0,0,0,Maintenance
2.6.2,[XFS] Use iomap abstraction consistently.,misc->code,0,0,0,Maintenance
2.6.2,"[XFS] Abstract sendfile operation out, supporting multiple kernels more easily.",misc->code,0,0,0,Maintenance
2.6.2,"[XFS] Use xfs_statfs type to statfs operation, to support multiple kernels more easily.",misc->api,0,0,0,Maintenance
2.6.2,[XFS] Fix some incorrect debug code after buftarg changes.,journal,1,3,4,Bug
2.6.2,"[XFS] Make kmem shaking interface consistent between kernel versions.  No code change here, mainly symbol names.",misc->code,0,0,0,Maintenance
2.6.2,[XFS] Fix comment in xfs_rename.c,misc->code,0,0,0,Maintenance
2.6.2,[XFS] Prevent log ktrace code from sleeping in an invalid context.,journal,1,5,2,Bug
2.6.2,"[XFS] Use vnode timespec modifiers for atime/mtime/ctime, keeps last code hunk in sync.",misc->api,0,0,0,Maintenance
2.6.2,[XFS] Update xfs_showargs to reflect all current mount options,misc->code,0,0,0,Maintenance
2.6.2,[XFS] No need to initialise struct xfs_trans field to null after a zalloc.,misc->code,0,0,0,Maintenance
2.6.2,[XFS] Remove some spurious double semi-colons.,misc->code,0,0,0,Maintenance
2.6.2,[XFS] Fix async pagebuf I/O tracing at the bottom of pagebuf_get.,misc->code,0,0,0,Maintenance
2.6.2,[XFS] Fix a small pagebuf memory leak and keep track of slab pages ourselves.,file,2,16,20,Bug
2.6.2,[XFS] Fix an XFS release_page case where unwritten extents may cause I/O incorrectly.,file,1,6,5,Bug
2.6.2,[XFS] Cleanup bdevname conditional code in xfs_buf headers.,misc->code,0,0,0,Maintenance
2.6.2,[XFS] Rework some extended attributes code to make it more easily extended.,misc->code,0,0,0,Maintenance
2.6.2,[XFS] Fix some inconsistent types,misc->api,0,0,0,Maintenance
2.6.2,[XFS] Fix one more fsid_t type.,misc->api,0,0,0,Maintenance
2.6.2,[XFS] Work around gcc 2.96 bug in _lsn_cmp.,misc->compile,0,0,0,Maintenance
2.6.2,[XFS] Trivial and whitespace changes to sync trees.  Remove no-longer-used headers.,misc->code,0,0,0,Maintenance
2.6.2,[XFS] Remove a no-longer-used pagebuf source file.,misc->code,0,0,0,Maintenance
2.6.2,"[XFS] In xfs_bulkstat, we need to do the readahead loop always.",inode,1,3,3,Performance
2.6.2,"[XFS] Fix for large allocation groups, so that extent",file,2,30,18,Bug
2.6.2,[PATCH] logic error in XFS,journal,1,1,1,Bug
2.6.2,[XFS] Christoph has signed over copyrights,misc->code,0,0,0,Maintenance
2.6.2,[XFS] Fix a warning from some gcc variants after recent flags botch.,misc->compile,0,0,0,Maintenance
2.6.2,[XFS] Move bits around to better manage common code.  No functional change.,misc->code,0,0,0,Maintenance
2.6.2,[XFS] Small ktrace fixes,misc->code,0,0,0,Maintenance
2.6.2,[XFS] Simplify pagebuf_rele / pagebuf_free,misc->code,0,0,0,Maintenance
2.6.2,[XFS] Revert botched merge where KM_NOFS check was unintentionally dropped.,other,1,1,1,Bug
2.6.2,[XFS] Add the security extended attributes namespace.,xattr,5,71,15,Feature
2.6.2,[XFS] Don't fail pagebuf allocations,file,1,6,2,Reliability
2.6.2,[XFS] Stop using sleep_on,misc->code,0,0,0,Maintenance
2.6.2,[XFS] Plug a pagebuf race that got bigger with the recent cleanup,file,2,34,37,Bug
2.6.2,[XFS] Remove no-longer-needed debug symbol exports.,misc->code,0,0,0,Maintenance
2.6.2,[XFS] Sync up some missing header updates from local XFS tree.,misc->code,0,0,0,Maintenance
2.6.3,[XFS] Fix buffer teardown on _pagebuf_lookup_pages failure,file,1,12,7,Bug
2.6.3,[XFS] Remove the lockable/not lockable buffer distinction.,misc->code,0,0,0,Maintenance
2.6.3,"[XFS] Use list_move for moving pagebufs between lists, not list_add/list_del",misc->api,0,0,0,Maintenance
2.6.3,[XFS] Remove PBF_MAPPABLE,misc->code,0,0,0,Maintenance
2.6.3,[XFS] plug a pagebuf leak,misc->code,0,0,0,Maintenance
2.6.3,[XFS] Avoid NULL returns from pagebuf_get,file,1,22,35,Reliability
2.6.3,"[XFS] Fix compile warning, ensure _pagebuf_lookup_pages return value is inited.",misc->compile,0,0,0,Maintenance
2.6.3,[XFS] Fix gcc 3.5 compilation for real,misc->compile,0,0,0,Maintenance
2.6.3,[XFS] Add back a missing pflags check in releasepage.,file,1,7,2,Bug
2.6.3,[XFS] Fix data loss when writing into unwritten extents while memory is being reclaimed.,file,1,10,18,Bug
2.6.3,"[XFS] Fix a trivial compiler warning, remove some no-longer-used macros.",misc->compile,0,0,0,Maintenance
2.6.3,[XFS] Make more xfs errors trappable with panic_mask,other,1,14,16,Reliability
2.6.3,"[XFS] Update XFS config entries - add security entry, update ACL entry.",misc->code,0,0,0,Maintenance
2.6.3,[XFS] make sure i_size_write is called under i_sem,"inode,vfs",2,9,4,Bug
2.6.4,[XFS] Use same string for identifying whether security namespace is enabled.,misc->code,0,0,0,Maintenance
2.6.4,[XFS] Add XFS_FS_GOINGDOWN interface to xfs.,"ioctl,resize",4,58,18,Feature
2.6.4,"[XFS] Add I/O path tracing code, useful in diagnosing that last unwritten extent problem.",file,4,155,19,Reliability
2.6.4,[XFS] use generic XFS stats and sysctl infrastructure in pagebuf,misc->api,0,0,0,Maintenance
2.6.4,[XFS] Use a naming convention here thats more consistent with everything else.,misc->api,0,0,0,Maintenance
2.6.4,[XFS] Remove a superflous i_size_write,misc->code,0,0,0,Maintenance
2.6.4,[XFS] Fix up daemon names,misc->code,0,0,0,Maintenance
2.6.4,"[XFS] Fix BUG in debug trace code, it was plain wrong for the unmapped page case.",file,1,3,2,Bug
2.6.4,[XFS] Merge missing mount stripe-unit/width-alignment check.,super,1,1,0,Bug
2.6.4,[XFS] Fix the by-handle attr list interface (used by xfsdump) for security attrs.,misc->code,0,0,0,Maintenance
2.6.4,[XFS] only lock pagecache pages,misc->code,0,0,0,Maintenance
2.6.4,"[XFS] Implement mrlocks on top of rwsems, instead of using our own mrlock code.",misc->code,0,0,0,Maintenance
2.6.4,"[XFS] Fix length of mount argument path strings, off by one.",other,1,5,5,Bug
2.6.4,[XFS] Fix log recovery case when have v2 log with size >32K and we have a,journal,1,2,3,Bug
2.6.4,[XFS] plug race in pagebuf freeing,file,1,16,31,Bug
2.6.4,[XFS] kill some dead constants from pagebuf,misc->code,0,0,0,Maintenance
2.6.4,[XFS] Remove some dead debug code,misc->code,0,0,0,Maintenance
2.6.4,[XFS] release i_sem before going into dmapi queues,file,2,20,1,Performance
2.6.4,"[XFS] Remove PBF_SYNC buffer flag, unused for some time now.",misc->code,0,0,0,Maintenance
2.6.4,[XFS] DMAPI deadlock prevention when interacting with the IO path.,"file,vfs",3,11,7,Bug
2.6.4,[XFS] Version 2 log fixes - remove l_stripemask and add v2 log stripe,misc->code,0,0,0,Maintenance
2.6.4,[XFS] fix up some debug log code for when XFS_LOUD_RECOVERY is turned on.,misc->code,0,0,0,Maintenance
2.6.4,[XFS] Sort out some minor differences between trees.,misc->code,0,0,0,Maintenance
2.6.4,[XFS] zero log buffer during initialization at mount time,journal,1,1,1,Reliability
2.6.4,[XFS] Fix out-of-space deadlock when flushing delalloc data with pages locked under write.,super,1,1,1,Bug
2.6.4,[PATCH] xfs: filemap_flush() unresolved,misc->compile,0,0,0,Maintenance
2.6.5,"[XFS] Fix up mrlock debug code, and ensure its only built under DEBUG.",misc->code,0,0,0,Maintenance
2.6.5,[XFS] Remove dup fdatasync/fdatawait call on fsync.  Means we no longer,misc->code,0,0,0,Maintenance
2.6.5,"[XFS] Use PFLAGS_RESTORE_FSTRANS in place of PFLAGS_RESTORE, only restore",journal,2,17,9,Bug
2.6.5,[XFS] use ssize_t to store VOP_READ/VOP_WRITE return value.,misc->code,0,0,0,Maintenance
2.6.5,[XFS] Add space for inode and allocation btrees to ITRUNCATE log reservation.,misc->code,0,0,0,Maintenance
2.6.5,[XFS] Define a new superblock field for more feature bits.  Take the last,misc->code,0,0,0,Maintenance
2.6.5,[XFS] Fix debug builds - need sb_features2 details in endian translation code.,misc->compile,0,0,0,Maintenance
2.6.5,[XFS] Use unsigned long long for end_offset so we don't overflow it.,file,1,4,4,Bug
2.6.5,[XFS] Reenable non-block flag for DMAPI.,misc->code,0,0,0,Maintenance
2.6.5,[XFS] Reinstate some accidentally dropped log IO error injection code.,misc->code,0,0,0,Maintenance
2.6.5,"[XFS] Fix r/o check in xfs_ioc_space, fix checks on xfs_swapext validity.","extent,ioctl",2,21,13,Bug
2.6.5,[XFS] Fix shortform attr flags botch affecting listxattr - from Andreas Gruenbacher.,misc->code,0,0,0,Maintenance
2.6.5,"[XFS] Disallow logbufs=0 unless the correct compilation flags used,",vfs,1,5,2,Bug
2.6.5,[XFS] Ensure sb not flushed async on a SYNC_WAIT sync.  Fixed by Bart Samwel.,vfs,1,4,2,Bug
2.6.5,[XFS] Make the XFS access checks like the other Linux filesystems for DAC.,misc->code,0,0,0,Maintenance
2.6.5,[XFS] Be explicit in adding in the non-transactional data to the reservation,journal,3,24,27,Bug
2.6.6,[XFS] use kmem_alloc for noaddr buffers,misc->code,0,0,0,Maintenance
2.6.6,[XFS] kill the pagebuf vs xfs_buf confusion,misc->code,0,0,0,Maintenance
2.6.6,[XFS] really kill the pagebuf vs xfs_buf confusion,misc->code,0,0,0,Maintenance
2.6.6,[XFS] clarify pagebuf page lookup logic,misc->code,0,0,0,Maintenance
2.6.6,"[XFS] Use pgoff_t for page indices, and remove other type confusion",misc->code,0,0,0,Maintenance
2.6.6,"[XFS] Fix a very hard-to-hit, small-block-size only corruption.",file,1,19,13,Bug
2.6.6,[XFS] Fix delayed write buffer handling to use the correct list,"file,super,other",4,63,102,Reliability
2.6.6,"[XFS] Make buffer error checking consistent, add a value range check.",file,2,4,3,Reliability
2.6.6,[XFS] Return the right error code on an ACL xattr version mismatch.,xattr,1,1,1,Bug
2.6.6,[XFS] Correct the (file size >= stripe unit) check inside,file,1,4,3,Bug
2.6.6,[XFS] Only use paprivate to track page state for page cache pages,misc->code,0,0,0,Maintenance
2.6.6,"[XFS] Fix some cases where we returned fill_super success, instead",super,1,10,6,Bug
2.6.6,[XFS] Allow xfsbufd flush intervals to take immediate effect after changing the flush sysctl value.  Fix from Bart Samwel.,misc->code,0,0,0,Maintenance
2.6.6,[XFS] Use USER_HZ in XFS sysctl interfaces.  Fix from Bart Samwel.,misc->code,0,0,0,Maintenance
2.6.6,[XFS] Bump up age_buffer and sync_interval maxima for laptop mode.  From Bart Samwel.,misc->code,0,0,0,Maintenance
2.6.6,[XFS] Fix for the xfs dir2 rebalance bug.,dir,1,23,2,Reliability
2.6.6,[XFS] Fix vmtruncate abuse in the XFS setattr ATTR_SIZE operation.,misc->code,0,0,0,Maintenance
2.6.6,[XFS] cleanup pagebuf flag usage and simplify pagebuf_free.,misc->code,0,0,0,Maintenance
2.6.6,[XFS] Fix up a trivial merge botch.,misc->code,0,0,0,Maintenance
2.6.6,[PATCH] lockfs - xfs bits,misc->code,0,0,0,Maintenance
2.6.6,[XFS] Don't reset buffer offset before using it.,file,1,1,1,Bug
2.6.6,[XFS] Revive an accidentally dropped pagesize > blocksize assert.,file,1,1,0,Reliability
2.6.6,[XFS] Fix dmapi/mprotect interaction,misc->code,0,0,0,Maintenance
2.6.6,[XFS] Remove <linux/mman.h> now that linvfs_mprotect doesn't need it.,misc->code,0,0,0,Maintenance
2.6.6,[XFS] close external blockdevice after final flush,"file,super,other",7,99,121,Reliability
2.6.6,[PATCH] fix WARN_ON on XFS module unload,super,1,2,2,Bug
2.6.7,[PATCH] Update laptop mode control script with XFS_HZ=100,misc->doc,0,0,0,Maintenance
2.6.7,[PATCH] Export `laptop_mode' for XFS,misc->code,0,0,0,Maintenance
2.6.7,[PATCH] Laptop mode control script support for XFS *_centisecs sysctl values.,misc->doc,0,0,0,Maintenance
2.6.7,[PATCH] Increase xfsbufd_centisecs when in laptop mode,misc->doc,0,0,0,Maintenance
2.6.7,[XFS] Prep for using dmapi code outside of xfs tree,misc->code,0,0,0,Maintenance
2.6.7,"[XFS] Remove extraneous vmtruncate call, missed in earlier merge.",misc->code,0,0,0,Maintenance
2.6.7,"[XFS] Remove xfs_iaccess checks on security namespace, needs to be",misc->code,0,0,0,Maintenance
2.6.7,[XFS] Remove some recent dmapi changes,misc->code,0,0,0,Maintenance
2.6.7,[XFS] Dmapi preunmount event references null pointer,"vfs,super",2,6,3,Bug
2.6.7,[XFS] Remove unused transaction pointer from bulkstat.,misc->code,0,0,0,Maintenance
2.6.7,[XFS] Bump the kmalloc/vmalloc cutoff up to 128k.,misc->code,0,0,0,Maintenance
2.6.7,[XFS] Properly account for clustered pages in the writeout path,file,1,25,12,Bug
2.6.7,[XFS] xfs_iomap_write_delay() was doing speculative allocations,file,1,27,1,Bug
2.6.7,[XFS] fix direct user memory dereference in bulkstat,inode,1,14,8,Reliability
2.6.7,[XFS] Remove the 128K limitation on pagebuf_get_no_daddr() and allow,misc->code,0,0,0,Maintenance
2.6.7,"[XFS] Make uses of extended inode flags consistent, remove duplicated code.",misc->code,0,0,0,Maintenance
2.6.7,"[XFS] Fix some compiler warnings, mark cmn_err as printflike.",misc->compile,0,0,0,Maintenance
2.6.7,[XFS] Fixup a couple of incorrect xfs_trans_commit calls (bad,resize,2,3,2,Bug
2.6.7,[XFS] Merge final laptop mode patch (xfssyncd) from Bart Samwel.,misc->code,0,0,0,Maintenance
2.6.7,[XFS] Remove speculative preallocation from linvfs_get_block_core.,misc->code,0,0,0,Maintenance
2.6.7,[XFS] Add support for allocating additional file space in,"file,super,other",5,40,3,Feature
2.6.7,[XFS] Export/import tunable time intervals as centisecs not jiffies.,misc->code,0,0,0,Maintenance
2.6.7,[XFS] Switch all XFSDEBUG to DEBUG,misc->code,0,0,0,Maintenance
2.6.7,[XFS] Fix a use-after-free during transaction commit when the log,journal,2,25,14,Bug
2.6.7,[XFS] Use set_current_state instead of direct current->state assignment.,file,2,4,4,Bug
2.6.7,[XFS] Fix sendfile return code to be ssize_t in all places.,misc->code,0,0,0,Maintenance
2.6.7,[XFS] Change xfs_contig_bits to work on 32/64 and both endian styles.,"journal,other",2,34,36,Reliability
2.6.7,[XFS] Use macros instead of inlines for spinlock wrappers to aid,misc->api,0,0,0,Maintenance
2.6.7,[XFS] guard against unused var in new mutex_spinunlock #define,misc->code,0,0,0,Maintenance
2.6.7,"[XFS] Remove xfs_swappable code, its not useful on Linux.",misc->code,0,0,0,Maintenance
2.6.7,"[XFS] Remove no-longer-used variable in log write code, and a",misc->code,0,0,0,Maintenance
2.6.7,[XFS] Remove unused xfs_trans_bhold_until_committed and related macros.,misc->code,0,0,0,Maintenance
2.6.7,[XFS] Rename a subdirectory to make life easier for people (esp.,misc->code,0,0,0,Maintenance
2.6.7,[XFS] Fix overflow in mapping test at offsets of 2^63-1 bytes,file,1,1,1,Bug
2.6.7,[XFS] Don't leak locked pages on readahead failure,file,1,6,3,Bug
2.6.8,"[XFS] No longer hold the BKL for the entire ioctl operation,",file,1,6,2,Performance
2.6.8,[XFS] Remove a couple of redundant NULL parent inode pointer checks.,misc->code,0,0,0,Maintenance
2.6.8,"[XFS] Fix xfs_lowbit64, it mishandled zero in the high bits.","other,volume",2,18,12,Bug
2.6.8,"[XFS] sparse: fix uses of macros before their definitions, etc.",misc->code,0,0,0,Maintenance
2.6.8,[XFS] Change things to use new version of xfs_dm_init/xfs_dm_exit,misc->api,0,0,0,Maintenance
2.6.8,[XFS] Fix non-dmapi build,misc->compile,0,0,0,Maintenance
2.6.8,[XFS] Ensure buffers that map to unwritten extents are only submitted,file,1,7,2,Bug
2.6.8,[XFS] Sanitise the ACL initialisation macros.,misc->code,0,0,0,Maintenance
2.6.8,"[XFS] Remove unused MAC macros, never needed on Linux.",misc->code,0,0,0,Maintenance
2.6.8,"[XFS] Remove the one remaining, broken use of XFS_WRITEIO_LOG and",misc->code,0,0,0,Maintenance
2.6.8,[XFS] Fix flags argument to xfs_incore call on attr removal.,xattr,1,3,3,Bug
2.6.8,[XFS] Fix a race condition in the undo-delayed-write buffer routine.,file,2,15,18,Bug
2.6.8,[XFS] Fix up memory allocators to be more resilient.,"other,file,super",5,216,97,Reliability
2.6.8,[XFS] Fix for NFS+XFS data corruption problem.,file,1,15,8,Bug
2.6.8,[XFS] Fix up highmem build and error handling on inode shrink register.,super,2,8,0,Bug
2.6.8,[PATCH] symlink 6/9: xfs,inode,1,20,11,Bug
2.6.8,[XFS] Don't dereference buffer after pagebuf_iostrategy(),file,1,5,1,Bug
2.6.9,[XFS] Permit buffered writes to the real-time subvolume.,"balloc,file,journal",3,56,5,Feature
2.6.9,[XFS] Sync up with the 2.4 fix for updating i_size under i_sem.,misc->doc,0,0,0,Maintenance
2.6.9,[XFS] Update documentation.,misc->doc,0,0,0,Maintenance
2.6.9,[XFS] Export blk_get_backing_dev_info for filesystems to use.,misc->code,0,0,0,Maintenance
2.6.9,[XFS] Revert to using a separate inode for metadata buffers once more.,misc->code,0,0,0,Maintenance
2.6.9,[XFS] Remove unneeded escape from printed string.  From Chris Wedgwood.,misc->code,0,0,0,Maintenance
2.6.9,[XFS] sparse: remove unneeded casts for user buffers.  From Chris Wedgwood.,misc->code,0,0,0,Maintenance
2.6.9,[XFS] sparse: annotate source for user pointers.  From Chris Wedgwood.,"xattr,balloc,extent,inode",8,27,27,Reliability
2.6.9,[XFS] sparse: annotate quota source for user pointers.  From Chris Wedgwood.,quota,2,2,2,Reliability
2.6.9,[XFS] sparse: annotate vfs interfaces for user pointers.  From Chris Wedgwood.,"file,ioctl,inode,other",8,39,39,Reliability
2.6.9,[XFS] sparse: fix warnings in debug/tracing code.  From Chris Wedgwood.,misc->compile,0,0,0,Maintenance
2.6.9,"[XFS] Removed xfs_iflush_all and all usages of vn_purge, except one",misc->code,0,0,0,Maintenance
2.6.9,[XFS] Fix a possible data loss issue after an unaligned unwritten,file,1,2,1,Bug
2.6.9,"[XFS] Fix xfs_off_t to be signed, not unsigned; valid warnings emitted",misc->compile,0,0,0,Maintenance
2.6.9,"[XFS] xfs_Gqm_init cannot fail, dont check return value.",misc->code,0,0,0,Maintenance
2.6.9,[XFS] sparse: fix header include order to get cpp macros defined,misc->code,0,0,0,Maintenance
2.6.9,[XFS] sparse: rework previous mods to fix warnings in DMAPI code.,misc->compile,0,0,0,Maintenance
2.6.9,[XFS] sparse: fix warnings in IO path tracing code.  From Chris Wedgwood.,misc->compile,0,0,0,Maintenance
2.6.9,[XFS] sparse: fix uses of NULL in place of zero and vice versa.,misc->code,0,0,0,Maintenance
2.6.9,[XFS] sparse: fix remaining NULL vs zero uses.,misc->code,0,0,0,Maintenance
2.6.9,"[XFS] Restored xfs_iflush_all, which is still used to finish reclaims.",misc->code,0,0,0,Maintenance
2.6.9,[XFS] Fix signed/unsigned issues in xfs_reserve_blocks routine.,resize,1,4,5,Bug
2.6.9,[XFS] Add filesystem size limit even when XFS_BIG_BLKNOS is,super,1,11,6,Reliability
2.6.9,[XFS] Code checks to trap access to fsb zero.,"balloc,file,tree",5,101,18,Reliability
2.6.9,[XFS] Fix accidental reverting of sync write preallocations.,misc->code,0,0,0,Maintenance
2.6.9,[XFS] Fix a blocksize-smaller-than-pagesize hang when writing buffers,file,1,6,2,Bug
2.6.9,[XFS] Fix lock leak in xfs_free_file_space,vfs,1,6,2,Bug
2.6.9,[XFS] Add support for unsetting realtime flag on realtime file which,vfs,1,5,2,Feature
2.6.9,[XFS] Remove several macros which are no longer used anywhere.,misc->code,0,0,0,Maintenance
2.6.9,[XFS] Use sparse whitespace approach that Al took to be more consistent.  Couple more sparse fixes.,misc->code,0,0,0,Maintenance
2.6.9,[XFS] Add a realtime inheritance bit for directory inodes so new,inode,4,43,20,Feature
2.6.9,[XFS] Add 32bit ioctl translation,ioctl,6,220,8,Feature
2.6.9,[XFS] avoid using pid_t in ioctl ABI,misc->code,0,0,0,Maintenance
2.6.9,[XFS] Fix up handling of SB versionnum when filesystem on disk has,super,1,3,3,Bug
2.6.9,[PATCH] annotation of xfs sendfile,file,4,4,4,Reliability
2.6.9,"[XFS] Change DMAPI dm_punch_hole to punch holes, rather than just",misc->code,0,0,0,Maintenance
2.6.9,[XFS] Support for default quota limits via the zero dquot (ala grace times).,quota,7,199,66,Feature
2.6.9,[XFS] Fix warnings in xfs_bmap.c,misc->compile,0,0,0,Maintenance
2.6.9,"[XFS]Ensure maxagi not updated early during growfs, conflicts with","resize,super",3,11,7,Bug
2.6.9,[XFS] Export sync_page_range to fix O_SYNC in XFS.,misc->code,0,0,0,Maintenance
2.6.9,[XFS] Rework parts of the write path so that when a direct write,file,2,130,107,Reliability
2.6.9,[XFS] Fix O_SYNC flushing in XFS which regressed with concurrent,file,1,20,19,Bug
2.6.9,[XFS] Fix compiler warnings on IA64 builds in ioctl compat code.,misc->compile,0,0,0,Maintenance
2.6.9,[XFS] Fix up header length miscalculation affecting version 1 logs.,journal,1,7,3,Bug
2.6.9,"[XFS] Remove a readahead page allocation failure warning, this will",misc->code,0,0,0,Maintenance
2.6.9,[XFS] Fix use of AIO wait_on_sync_kiocb and a deadlock in O_SYNC,file,2,10,7,Bug
2.6.9,[PATCH] Fix generic direct IO code for XFS,file,3,48,26,Bug
2.6.9,[XFS] Fix incorrect use of do_div on realtime device growfs code path.,volume,1,4,2,Bug
2.6.9,[XFS] Fix some locking oddities in extended attributes code (ilock,xattr,1,13,19,Performance
2.6.9,[XFS] Convert to list_for_each_entry_safe form in reclaim list walk.,misc->api,0,0,0,Maintenance
2.6.9,[XFS] Ensure bytes read statistic is not updated when the generic,file,1,9,8,Bug
2.6.9,[XFS] Need to vn_revalidate after dm_set_fileattr,file,1,2,0,Bug
2.6.9,[XFS] Ensure we update the wbc pages skipped count correctly when,file,1,6,3,Reliability
2.6.9,"[XFS] Add nosymlinks inode flag for the security folks, reserve","file,other,inode,vfs",9,55,19,Feature
2.6.9,[XFS] handle nfs requesting ino 0 gracefully,"inode,super,vfs",3,31,41,Reliability
2.6.9,[XFS] fix handling of bad inodes,"inode,super,vfs",6,46,25,Bug
2.6.9,"[XFS] Update XFS quota header - add macros, use standard gpl template.",misc->code,0,0,0,Maintenance
2.6.9,"[XFS] Make xfssyncd more generic, hand off out-of-space flushing to it;","super,vfs",4,135,30,Bug
2.6.9,"[XFS] Remove crufty old cap/mac code - never used, never compiled, gone.",misc->code,0,0,0,Maintenance
2.6.9,[XFS] Fix merge botch affecting xfs_setattr for realtime files.,vfs,1,5,5,Bug
2.6.9,"[XFS] Fix sync issues - use correct writepage page re-dirty interface,",file,1,19,12,Bug
2.6.9,[XFS] Fix up write_inode return type to use the right signedness.,super,1,3,3,Bug
2.6.9,"[XFS] Fix regression when running in laptop mode, causes hangs on sync.",super,1,10,3,Bug
2.6.9,[XFS] fix a freeze/thaw deadlock,ioctl,5,11,8,Bug
2.6.9,[PATCH] fix for fsync ignoring writing errors,super,1,3,1,Bug
2.6.10,[PATCH] Fix an XFS direct I/O deadlock,file,2,45,14,Bug
2.6.10,[XFS] Add xfs_rotorstep sysctl for controlling placement of extents for,"other,balloc",5,23,4,Feature
2.6.10,[XFS] Allow the option of skipping quotacheck processing.,"quota,super",5,43,34,Feature
2.6.10,[XFS] remove useless S_ISREG check in ->mmap and ->mprotect,misc->code,0,0,0,Maintenance
2.6.10,[XFS] split pagebuf_get into xfs_buf_get_flags and xfs_buf_read_flags.,misc->code,0,0,0,Maintenance
2.6.10,[XFS] handle inode creating race,"super,inode,quota,journal,vfs",15,75,44,Bug
2.6.10,[XFS] call the right function in pagebuf_readahead,misc->code,0,0,0,Maintenance
2.6.10,[XFS] Wait for all async buffers to complete before tearing down the,"file,super",4,42,0,Bug
2.6.10,[XFS] xfs reservation issues with xlog_sync roundoff,journal,3,33,32,Bug
2.6.10,[XFS] Low memory allocation improvements (quietness and blockdev,"file,other",3,18,14,Reliability
2.6.10,[XFS] Mark several functions as being static.,misc->api,0,0,0,Maintenance
2.6.11,[XFS] Fix a performance and scaling problem in xfs_iget_core.  Improved,"inode,super,vfs",5,36,36,Performance
2.6.11,[XFS] make sure to always reclaim inodes in xfs_finish_reclaim,vfs,1,3,3,Bug
2.6.11,[XFS] Prevent attempts to mount 512 byte sector filesystems with 64KB,file,1,12,0,Reliability
2.6.11,"[XFS] Move to per-device hash tables (scalability), and use Bill Irwins","file,vfs",3,130,106,Performance
2.6.11,[XFS] Add sanity checks before use of attr_multi opcount parameter.,ioctl,1,6,1,Reliability
2.6.11,[XFS] Fix NFS inode data corruption,"super,vfs",2,36,2,Bug
2.6.11,"[XFS] Move xfs configs to xfs directory, different flavors of xfs have",misc->compile,0,0,0,Maintenance
2.6.11,[XFS] Use generic_readlink,misc->api,0,0,0,Maintenance
2.6.11,[XFS] Move support code for NFS exporting to a conditionally built file,misc->code,0,0,0,Maintenance
2.6.11,[XFS] Fix compilations for parisc,misc->compile,0,0,0,Maintenance
2.6.11,[XFS] Switch to using a separate Kconfig file for XFS.,misc->compile,0,0,0,Maintenance
2.6.11,[XFS] Update Makefile for separate export source file.,misc->compile,0,0,0,Maintenance
2.6.11,"[XFS] Switch to managing uptodate state on a region within a page, rather",misc->code,0,0,0,Maintenance
2.6.11,[XFS] Make AIO work again - wait on iocb completion for non-AIO only.,misc->code,0,0,0,Maintenance
2.6.11,[XFS] Fix page index to byte calculation result truncation in tracing,file,1,1,1,Bug
2.6.11,[XFS] Remove write congestion check during metadata readahead.,file,1,0,2,Performance
2.6.11,[XFS] Ensure the cluster hash size does not exceed the inode hash size.,inode,1,3,2,Reliability
2.6.11,[XFS] Fix mapping gfp_flags used on metadata buffer inode.,"file,other",2,5,5,Bug
2.6.11,[XFS] Fix preempt-related warnings - based on a Chris Wedgwood patch.,misc->compile,0,0,0,Maintenance
2.6.11,[PATCH] Convert XFS to unlocked_ioctl and compat_ioctl,misc->code,0,0,0,Maintenance
2.6.11,[XFS] Fix NFS exporting with modular nfsd,misc->code,0,0,0,Maintenance
2.6.11,[XFS] Fix selection of EXPORTFS when using XFS to get a good build when,misc->compile,0,0,0,Maintenance
2.6.11,"[XFS] Reinstate missing frozen check on write, fixes snapshots and",file,1,2,0,Bug
2.6.11,"[XFS] Prevent releasepage from releasing pages early, while they still",file,1,19,17,Bug
2.6.11,[PATCH] add MAP_POPULATE/sys_remap_file_pages support to XFS,misc->code,0,0,0,Maintenance
2.6.11,[XFS] Fix problems with synchronous writes returning EAGAIN incorrectly,"file,super,vfs",3,17,11,Bug
2.6.12,[XFS] remove an over-zealous WARN_ON,file,1,0,1,Bug
2.6.12,"[XFS] Fix directory inodes ioctl compat code, minor code consistency cleanups",misc->code,0,0,0,Maintenance
2.6.12,[XFS] Fix a bug in xfs_iomap for extent handling of write cases,file,1,3,1,Bug
2.6.12,[XFS] Cleanup use of loff_t vs xfs_off_t in the core code.,misc->code,0,0,0,Maintenance
2.6.12,[XFS] Use the right offset when ensuring a delayed allocate conversion has covered the offset originally requested.,"file,super",4,56,46,Bug
2.6.12,"[XFS] Do not do delalloc conversion on pages beyond EOF ever, not just sometimes",file,1,3,5,Bug
2.6.12,[XFS] remove noisy printk at vnode trace allocation,misc->code,0,0,0,Maintenance
2.6.12,[XFS] stop background sync from waiting for in-use inodes,file,1,4,1,Performance
2.6.12,[XFS] Disable the combination of XFS direct IO and AIO until the IO completion,file,2,44,2,Reliability
2.6.12,[XFS] Resolve an issue with xfsbufd not getting along with swsusp.,file,1,9,2,Bug
2.6.12,[XFS] Fix up warnings,misc->compile,0,0,0,Maintenance
2.6.12,[XFS] Allow initial XFS delayed allocation size to be increased beyond 64KB.,misc->code,0,0,0,Maintenance
2.6.12,[XFS] Add ATTR_NOLOCK for xfs_setattr to indicate that XFS_IOLOCK is held,misc->code,0,0,0,Maintenance
2.6.12,[XFS] Enable XFS_VNODE_TRACE,misc->code,0,0,0,Maintenance
2.6.12,[XFS] Fix up uses of nlink_t incorrectly restricting us to 2^16 links for some platforms,misc->code,0,0,0,Maintenance
2.6.12,[XFS] Block mount attempts for filesystems with version 1 directories.,super,1,9,0,Reliability
2.6.12,[XFS] Move the XFS inode to the front of its hash list on a cache hit,inode,1,50,1,Performance
2.6.13,[XFS] Handle inode semaphores properly for dmapi queues,file,2,20,13,Bug
2.6.13,[XFS] Remove some debugging code from quota syscalls.,misc->code,1,0,3,Maintenance
2.6.13,[XFS] Merge a few minor fixes to the quota warning code.,misc->code,3,32,4,Maintenance
2.6.13,"[XFS] Merge fixes into realtime quota code, since one/two reported, still",misc->code,8,143,141,Maintenance
2.6.13,[XFS] Makes more sense to use the fsxattr interface instead of adding new,misc->api,3,10,30,Maintenance
2.6.13,[XFS] (mostly) remove xfs_inval_cached_pages  Since the last round of,misc->code,4,17,32,Maintenance
2.6.13,[XFS] simplify ASSERT,misc->code,2,1,7,Maintenance
2.6.13,[XFS] consolidate extent item freeing,misc->code,3,35,103,Maintenance
2.6.13,[XFS] quiesce the filesystem proper when freezing,"super,vfs",3,40,27,Feature
2.6.13,[XFS] add XFS_INOBT_IS_FREE_DISK,misc->code,2,11,2,Maintenance
2.6.13,[XFS] Fix up some warning fallout from functions made static,misc->compile,2,2,2,Maintenance
2.6.13,"[XFS] Add support for project quota inheritance, a merge of Glens changes.","inode,vfs",2,37,24,Feature
2.6.13,"[XFS] Add support for project quota, based on Dan Knappes earlier work.","quota,super,journal,vfs",18,348,203,Feature
2.6.13,[XFS] remove xfs_incore_relse,misc->code,3,0,20,Maintenance
2.6.13,[XFS] simplify XFS_PURGE_INODE,misc->code,1,1,7,Maintenance
2.6.13,[XFS] rewrite xfs_iflush_all,misc->code,3,25,94,Maintenance
2.6.13,[XFS] mark various symbols static  Patch from Adrian Bunk,misc->api,39,135,143,Maintenance
2.6.13,[XFS] Remove dead code.  Patch from Adrian Bunk,misc->code,10,0,214,Maintenance
2.6.13,[XFS] Fix pagebuf slab initialization,file,1,1,1,Bug
2.6.13,[XFS] send dmapi events from nopage for mmapped files,misc->code,1,32,58,Maintenance
2.6.13,[XFS] Undo xfs-linux:xfs-kern:190622a,misc->code,0,0,0,Maintenance
2.6.13,[XFS] fix some more compiler warnings in the vnode tracing code,misc->compile,1,2,2,Maintenance
2.6.13,[XFS] upate copyrights,misc->code,1,1,1,Maintenance
2.6.13,[XFS] rename various pagebuf symbols to xfsbuf,misc->api,1,77,66,Maintenance
2.6.13,[XFS] coordinate mmap calls with xfs_dm_punch_hole,misc->code,2,28,3,Maintenance
2.6.13,[XFS] Add a get/set interface for XFS project identifiers.,ioctl,5,28,2,Feature
2.6.14,"[XFS] Revert recent quota Makefile change, not in a fit state for merging.",misc->compile,1,13,2,Maintenance
2.6.14,[XFS] Fix modular XFS builds (Makefile botch).,misc->compile,2,5,5,Maintenance
2.6.14,"[XFS] Remove special Kconfig XFS menu, make XFS options ""inline"".",misc->code,0,0,0,Maintenance
2.6.14,[XFS] Cleanup some -Wundef flag warnings in the endian macros (thanks,misc->compile,6,32,30,Maintenance
2.6.14,[XFS] Sort out some cosmetic differences between XFS trees.,misc->code,8,217,161,Maintenance
2.6.14,[XFS] Fix incorrect use of BMAPI_READ in unwritten extent handling,file,2,3,4,Bug
2.6.14,"[XFS] replace ""extern inline"" with ""static inline""  Patch from Adrian Bunk",misc->api,0,0,0,Maintenance
2.6.14,[XFS] Switch kernel thread handling to the kthread_ API,misc->api,4,17,46,Maintenance
2.6.14,[XFS] Fix racy access to pb_flags.  pagebuf_rele() modified pb_flags after,file,2,51,18,Bug
2.6.14,[XFS] Retry linux inode cacech lookup if we found a stale inode.  This,inode,1,16,12,Bug
2.6.14,[XFS] Fixes a bug in the quota code when allocating a new dquot record,"quota,journal",3,60,7,Bug
2.6.14,[XFS] remove some dead code from pagebuf,misc->code,2,0,37,Maintenance
2.6.14,[XFS] allow a null behaviour pointer in linvfs_clear_inode,super,1,6,3,Bug
2.6.14,[XFS] Manage spinlock differences between kernel versions a bit.,misc->code,1,3,0,Maintenance
2.6.14,[XFS] add handlers to fix xfs_flock_t alignment issues in compat ioctls,misc->code,1,62,3,Maintenance
2.6.14,[XFS] Check if there is first behavior before calling VOP_RECLAIM from,misc->code,1,5,3,Maintenance
2.6.14,[XFS] Need to be able to reset sb_qflags if not mounting with quotas,quota,6,95,76,Bug
2.6.14,[XFS] streamline the clear_inode path,misc->code,3,25,156,Maintenance
2.6.14,[XFS] Delay I/O completion for unwritten extents after conversion,file,2,26,2,Reliability
2.6.14,[XFS] Delay direct I/O completion to a workqueue  This is nessecary,file,2,48,29,Reliability
2.6.14,[XFS] Add in the new xfs_aops.h header file for I/O completion struct.,misc->code,1,49,0,Maintenance
2.6.14,[XFS] Add infrastructure for tracking I/O completions,"file,super",4,132,85,Feature
2.6.14,[XFS] add infrastructure for waiting on I/O completion at inode reclaim,"file,vfs",4,32,58,Feature
2.6.14,[XFS] remove unessecary vnode flags,misc->code,3,1,73,Maintenance
2.6.14,[XFS] Fix sparse warnings in kmem_* functions  Patch from Victor Fusco,misc->compile,0,0,0,Maintenance
2.6.14,[XFS] Need to unlock the AIL before calling xfs_force_shutdown() because,journal,1,1,1,Bug
2.6.14,[XFS] remove struct vnode::v_type,misc->code,8,68,85,Maintenance
2.6.14,[XFS] Remove extraneous quotacheck diagnostics.,misc->code,1,2,10,Maintenance
2.6.14,"[XFS] Add in grpid/nogrpid mount option parsing, actual code was always",vfs,1,15,1,Feature
2.6.14,[XFS] 929956 add log debugging and tracing info,journal,9,265,22,Reliability
2.6.14,[XFS] Fix up the calculation of the reservation overhead to hopefully,journal,1,41,13,Bug
2.6.14,[XFS] Fix regression in transaction reserved-block accounting for direct,file,1,8,9,Bug
2.6.14,[XFS] Fix check for writeable file in xfs_ioc_space ioctl code,ioctl,1,1,1,Bug
2.6.14,[XFS] Prevent the incore superblock sb_fdblocks count from leaking when we,balloc,1,11,1,Bug
2.6.14,[XFS] Add a chunk of tracing code to diagnose truncate related issues.,file,2,15,3,Reliability
2.6.14,[XFS] Make metadata IO completion consistent with other IO completion,misc->code,1,11,6,Maintenance
2.6.14,[XFS] replace vn_get usage by ihold,misc->api,4,15,82,Maintenance
2.6.14,[XFS] send dmapi events from nopage for mmapped files,misc->code,1,32,58,Maintenance
2.6.14,[XFS] upate copyrights,misc->code,1,1,1,Maintenance
2.6.14,[XFS] Update copyrights,misc->code,1,1,1,Maintenance
2.6.15,[PATCH] xfs: missing gfp_t annotations,quota,1,2,2,Reliability
2.6.15,"[XFS] Resolve the xlog_grant_log_space hang, revert inline to macro.",journal,1,12,24,Bug
2.6.15,[XFS] Fix a case where attr2 format was being used unconditionally.,xattr,1,8,3,Bug
2.6.15,[XFS] Tight loop in xfs_finish_reclaim_all prevented the xfslogd to run,vfs,1,3,2,Bug
2.6.15,[XFS] Fix a 32 bit value wraparound when providing a mapping for a large,file,1,6,7,Bug
2.6.15,[XFS] handle error returns from freeze_bdev,resize,1,1,1,Bug
2.6.15,[XFS] Fix potential overflow in xfs_iomap_t delta for very large extents,file,1,1,1,Bug
2.6.15,[XFS] Remove no-longer-used qsort source.,misc->code,3,4,182,Maintenance
2.6.15,"[XFS] Fix an inode32 regression - if no options are presented, must still",vfs,1,2,2,Bug
2.6.15,[XFS] Remove several no-longer-used files.,misc->code,4,0,2300,Maintenance
2.6.15,[XFS] Cleanup cosmetic differences between source trees.,misc->code,4,19,35,Maintenance
2.6.15,[XFS] fix XFS quota for modular XFS builds,misc->compile,1,1,1,Maintenance
2.6.15,[XFS] Add a mechanism for XFS to use the generic quota sync method.,quota,2,8,1,Feature
2.6.15,[XFS] Add the project quota type into the XFS quota header.,misc->code,1,2,1,Maintenance
2.6.15,[XFS] Update XFS quota header license to match the SGI boilerplate.,misc->code,1,6,10,Maintenance
2.6.15,[XFS] Update XFS documentation.,misc->doc,1,108,34,Maintenance
2.6.15,[XFS] Fixed the inconsistency between attribute b-tree intermidiate node,tree,1,2,1,Bug
2.6.15,[XFS] Ensure fsync does not incorrectly return EIO for pages beyond EOF.,file,1,3,2,Bug
2.6.15,[XFS] Fix calculation of reserved AGs for inodes in 32-bit inode mode,super,1,1,1,Bug
2.6.15,[XFS] Fix boundary conditions when issuing direct IOs from large userspace,file,1,16,12,Bug
2.6.15,"[XFS] Remove an unhelpful ifdef, the comment above the routine explains",misc->code,1,1,13,Maintenance
2.6.15,"[XFS] Remove old, broken nolog-mode code - noone plans to ever fix it.",misc->code,4,39,168,Maintenance
2.6.15,[XFS] Rework fid encode/decode wrt 64 bit inums interacting with NFS.,misc->code,6,19,12,Maintenance
2.6.15,[XFS] Endianess annotations for various allocator data structures,"balloc,tree,resize,inode,journal",16,794,811,Reliability
2.6.15,[XFS] remove unused code from xfs_iomap_write_direct,misc->code,1,0,8,Maintenance
2.6.15,[XFS] fix old xfs_setattr mis-merge from irix; mostly harmless esp if not,vfs,1,3,3,Bug
2.6.15,[XFS] Fixing size report discrepancy between ls and du caused by xfs_fsr,balloc,1,23,1,Bug
2.6.15,[XFS] Fixed a bug in reporting extent list for attribute fork running,balloc,1,7,6,Bug
2.6.15,[XFS] Simplify pagebuf_rele  Remove a conditional that can not be true,misc->code,1,4,25,Maintenance
2.6.15,[XFS] Rework the final mount options flag bit to make room for more.,misc->code,3,42,33,Maintenance
2.6.15,[XFS] Rework the dquot hash sizing heuristics.,misc->code,3,20,31,Maintenance
2.6.15,[XFS] Add ATTR_NOSIZETOK definition for xfs_vnodeops.c change,misc->code,1,1,0,Maintenance
2.6.15,"[XFS] Disable attr2 by default, until a more appropriate time to enable",misc->code,1,9,1,Maintenance
2.6.15,[XFS] Prevent data corruption on extending truncate case from cxfs client,vfs,1,3,1,Bug
2.6.15,[XFS] Fix sparse warnings in ktrace.[ch],misc->compile,0,0,0,Maintenance
2.6.15,[XFS] silence gcc4 warnings.  the directory ones are wrong because of,misc->compile,5,20,4,Maintenance
2.6.15,"[XFS] Remove unused type, xfs_gap_t.",misc->code,1,0,18,Maintenance
2.6.15,[XFS] endianess annotations and cleanup for the quota code,"quota,journal",8,271,292,Reliability
2.6.15,"[XFS] Show additional mount options in /proc/mounts, fix up some debug",misc->code,1,4,0,Maintenance
2.6.15,[XFS] Fix up a 32/64 local flags variable issue when enabling attr2 mode.,"xattr,balloc",2,12,11,Bug
2.6.15,[XFS] Remove dead code in xfs_iomap_write_direct; save some stack,misc->code,1,4,8,Maintenance
2.6.15,[XFS] Update license/copyright notices to match the prefered SGI,misc->code,12,132,312,Maintenance
2.6.15,[XFS] Update license/copyright notices to match the prefered SGI,misc->code,12,132,312,Maintenance
2.6.15,"[XFS] Remove xfs_macros.c, xfs_macros.h, rework headers a whole lot.",misc->code,93,1567,3093,Maintenance
2.6.15,[XFS] remove unused struct xfs_ail_ticket,misc->code,1,0,13,Maintenance
2.6.15,[XFS] Track external log/realtime device names for correct reporting in,"journal,super,vfs",5,29,13,Reliability
2.6.15,[XFS] Improve buffered read throughput by removing unnecessary timer calls,"file,inode",5,140,84,Performance
2.6.15,"[XFS] Remove a null CELL macro and its one caller, not useful to anyone.",misc->code,2,0,6,Maintenance
2.6.15,[XFS] Fix up an internal sort function name collision issue.,misc->code,5,7,7,Maintenance
2.6.15,"[XFS] Make some extended attributes routines take const parameters, for",misc->api,5,19,18,Maintenance
2.6.15,"[XFS] Ondisk format extension for extended attributes (attr2).	Basically,",misc->code,1,1,1,Maintenance
2.6.15,"[XFS] Ondisk format extension for extended attributes (attr2).	Basically,",misc->code,1,1,1,Maintenance
2.6.15,"[XFS] Ondisk format extension for extended attributes (attr2).	Basically,","xattr,balloc,dir,other,super,vfs",13,354,114,Feature
2.6.15,[XFS] Move some code around to prepare for the upcoming extended,misc->code,4,90,99,Maintenance
2.6.15,[XFS] Introduce two new mount options (nolargeio/largeio) to allow,"vfs,super",6,43,35,Feature
2.6.15,[XFS] Provide a mechiansm for flushing delalloc before quota reporting.,"super,quota,vfs",5,23,4,Feature
2.6.15,"[XFS] Fix signedness issues in dquot ID handling, allowing uids/gids above",misc->code,3,4,10,Maintenance
2.6.15,[XFS] Add a comment about the use of XFS_SIZE_TOKEN_WANT.,misc->code,1,2,1,Maintenance
2.6.15,[XFS] only mark buffers done when all pages are uptodate  in addition,file,2,8,8,Bug
2.6.15,[XFS] Stack footprint reduction for xfs_swapext (used from xfs_fsr),misc->code,1,40,31,Maintenance
2.6.15,[XFS] write barrier support  Issue all log sync operations as ordered,"file,super,journal,vfs",12,190,59,Feature
2.6.15,[XFS] fix PBF_NONE handling,file,1,2,1,Bug
2.6.15,[XFS] Add format checking to cmn_err and icmn_err,misc->code,7,18,11,Maintenance
2.6.15,[XFS] remove unused pagebuf flags,misc->code,2,13,33,Maintenance
2.6.15,[XFS] Make sure the threads and shaker in xfs_buf are de-initialized in,file,1,25,62,Reliability
2.6.16,[XFS] Don't map non-uptodate buffers in xfs_probe_cluster; also fixes,file,1,1,1,Bug
2.6.16,[XFS] Reduce stack use during quota mounts (caused a panic).  This,quota,1,5,6,Bug
2.6.16,[XFS] Fix a realtime allocator regression introduced by an old iget race,misc->code,1,14,15,Maintenance
2.6.16,[XFS] Fix missing inode atime update from the utime syscall.,inode,1,2,0,Bug
2.6.16,[XFS] Account for the page we just wrote when we detect congestion during,file,1,2,1,Bug
2.6.16,"[XFS] Fix regression in xfs_buf_rele dealing with non-hashed buffers, as",file,1,7,0,Bug
2.6.16,[XFS] Interim solution for attribute insertion failure during file,inode,1,32,18,Reliability
2.6.16,[XFS] Fix a race in xfs_submit_ioend() where we can be completing I/O for,file,1,26,3,Bug
2.6.16,"[XFS] remove no-longer-needed IS_NOATIME macro, twas just a build workaround",misc->code,1,0,3,Maintenance
2.6.16,[XFS] mutex fallout - fix debug builds and remove no-longer-useful comment.,misc->compile,2,2,12,Maintenance
2.6.16,"[XFS] Fix symlink creation too, with respect to initialising SELinux",inode,1,8,5,Bug
2.6.16,[XFS] Fix follow_link when dealing with symlinks larger than 256 bytes.,inode,1,4,4,Bug
2.6.16,"[XFS] Merge in trivial changes, sync up headers with userspace",misc->code,11,141,141,Maintenance
2.6.16,[XFS] Fix compiler warnings from older gcc versions wrt printfalike,misc->compile,1,22,12,Maintenance
2.6.16,[XFS] Fix some build fallout from atime changes.,misc->compile,3,21,5,Maintenance
2.6.16,[XFS] remove XFS_LOG_RES_DEBUG and turn on the res history all the time to,journal,3,6,28,Reliability
2.6.16,[XFS] xfssyncd is responsible for flushing inode or device's data by,super,1,1,1,Bug
2.6.16,[XFS] add helper to get xfs_inode from vnode,misc->api,10,33,41,Maintenance
2.6.16,[XFS] Fix up offset type inconsistencies and gcc warnings from earlier,misc->compile,1,8,8,Maintenance
2.6.16,[XFS] fix up per-device xfsbufd,file,1,2,3,Performance
2.6.16,[XFS] fix writeback control handling  fix a reversed condition on where to,file,1,12,3,Bug
2.6.16,"[XFS] cluster rewrites	We can cluster mapped pages aswell, this improves",file,1,47,16,Performance
2.6.16,[XFS] pass full 64bit offsets to xfs_add_to_ioend,misc->code,1,6,12,Maintenance
2.6.16,[XFS] consolidate some code in xfs_page_state_convert  The unmapped buffer,misc->code,1,34,57,Maintenance
2.6.16,[XFS] various fixes for xfs_convert_page  fix various bogusities in,file,1,52,37,Bug
2.6.16,[XFS] clean up the xfs_offset_to_map interface	Currently we pass a struct,misc->code,1,53,83,Maintenance
2.6.16,[XFS] use pagevec lookups  This reduces the time spend in the radix tree,file,1,88,56,Performance
2.6.16,"[XFS] Export pagevec_lookup for use on the XFS page writeout path,",misc->code,1,2,0,Maintenance
2.6.16,[XFS] Initial pass at going directly-to-bio on the buffered IO path.  This,file,4,431,364,Performance
2.6.16,"[XFS] Complete the pagebuf -> xfs_buf naming convention transition,",misc->api,10,895,1118,Maintenance
2.6.16,[XFS] Fixed delayed_blks assert failure during umount. The delayed_blks,"file,vfs",2,10,3,Bug
2.6.16,[XFS] Introduce per-filesystem delwri pagebuf flushing to reduce,file,2,101,44,Performance
2.6.16,[XFS] take out the call to vn_mark_bad() used when acl inherit fails and,inode,1,0,2,Bug
2.6.16,[XFS] endianess annotations and tidying for the uuid code,other,1,14,9,Reliability
2.6.16,[XFS] Fix a thinko when generating a forced shutdown stack trace.,misc->code,1,2,2,Maintenance
2.6.16,[XFS] Add a stack trace in the case of xfs_forced_shutdown.,journal,1,7,5,Reliability
2.6.16,"[XFS] Fix quotaoff logitem for project quota, affects log recovery only.",journal,1,3,1,Bug
2.6.16,[XFS] Add an XFS callout to security_inode_init_security; SE Linux is not,inode,1,37,0,Feature
2.6.16,[XFS] Fix v2 log bufsize reporting in /proc/mounts.,vfs,1,3,2,Bug
2.6.16,"[XFS] fix, speedup and simplify atime handling	let the VFS handle atime","inode,file,vfs",8,49,54,Bug
2.6.16,[XFS] turn xlog helper macros into real functions,misc->api,2,93,77,Maintenance
2.6.16,"[XFS] remove unused vars, args, & unneeded intermediate vars from zeroing",misc->code,2,12,31,Maintenance
2.6.16,"[XFS] remove unused ""readonly"" arg from xlog_find_tail and xlog_recover",misc->code,0,0,0,Maintenance
2.6.16,[XFS] Ensure max diosize reported is aligned with minimum diosize.,ioctl,1,1,1,Reliability
2.6.16,[XFS] Fix an intermittent pquota panic caused by dodgey quota flags to an,"quota,super",2,7,6,Bug
2.6.16,[XFS] Sort out cosmetic differences between user and kernel copies of some,misc->code,10,32,42,Maintenance
2.6.16,[XFS] Make d_maxiosz report the real maximum (INT_MAX) so we dont,misc->code,1,1,2,Maintenance
2.6.16,[XFS] Disable write barriers for now till intermittent IO errors are,misc->code,1,3,5,Maintenance
2.6.16,"[XFS] Reverse the sense of COMPAT_ATTR and ATTR2, keeps it simple and",misc->code,6,23,26,Maintenance
2.6.16,[XFS] Write log dummy record when freezing filesystem,misc->code,3,29,0,Maintenance
2.6.16,[XFS] Mark some lookup tables const.  Thanks to Arjan van de Ven for,misc->api,3,3,3,Maintenance
2.6.16,[XFS] Fixed an assertion failure in xfs_reclaim caused by delayed block.,vfs,1,2,1,Bug
2.6.16,[XFS] do barrier checks earlier.  quota initialization may write to the,vfs,1,4,3,Bug
2.6.16,"[XFS] Fix typo from when enabling write barriers by default, flags botch",misc->code,1,2,8,Maintenance
2.6.16,[XFS] Implement the di_extsize allocator hint for non-realtime files as,"balloc,inode,file,vfs",7,547,410,Feature
2.6.16,[XFS] Do not inherit properties for the quota inodes from the root inode.,quota,1,5,3,Bug
2.6.16,[XFS] enable write barriers by default,misc->code,2,17,1,Maintenance
2.6.16,[XFS] merge xfs_arch.h userspace changes back,misc->code,1,16,0,Maintenance
2.6.16,[XFS] remove over-eager assert,misc->code,1,0,1,Maintenance
2.6.16,[PATCH] remove xfs xattr permission checks,misc->code,0,0,0,Maintenance
2.6.16,"[PATCH] mutex subsystem, semaphore to mutex: XFS",misc->code,0,0,0,Maintenance
2.6.17,[XFS] Fix a possible metadata buffer (AGFL) refcount leak when fixing an,balloc,1,4,1,Bug
2.6.17,[XFS] Fix a project quota space accounting leak on rename.,"dir,vfs",2,13,1,Bug
2.6.17,[XFS] Fix a possible forced shutdown due to mishandling write barriers,vfs,1,9,18,Bug
2.6.17,[XFS] Fix a problem in aligning inode allocations to stripe unit,inode,1,8,7,Bug
2.6.17,[XFS] Fix utime(2) in the case that no times parameter was passed in.,inode,1,1,2,Bug
2.6.17,[XFS] Fix an inode use-after-free durin an unpin. When reclaiming inodes,inode,1,20,7,Bug
2.6.17,[XFS] Fix inode reclaim scalability regression. When a filesystem has,inode,2,13,17,Performance
2.6.17,[XFS] Fix a writepage regression where we accidentally stopped honouring,file,1,9,9,Bug
2.6.17,[XFS] Fix superblock validation regression for the zero imaxpct case.,super,1,1,1,Bug
2.6.17,[XFS] Provide XFS support for the splice syscall.,"file,vfs",6,199,62,Feature
2.6.17,[XFS] Reenable write barriers by default.,misc->code,1,2,3,Maintenance
2.6.17,[XFS] Make project quota enforcement return an error code consistent with,"quota,balloc",4,54,47,Bug
2.6.17,"[XFS] Implement the silent parameter to fill_super, previously ignored.","super,vfs",6,49,47,Feature
2.6.17,[XFS] Cleanup comment to remove reference to obsoleted function,misc->code,1,5,4,Maintenance
2.6.17,[XFS] Cleanup in XFS after recent get_block_t interface tweaks.,misc->code,3,26,31,Maintenance
2.6.17,[XFS] Remove unused/obsoleted function: xfs_bmap_do_search_extents(),misc->code,2,0,115,Maintenance
2.6.17,[XFS] A change to inode chunk allocation to try allocating the new chunk,inode,1,68,40,Performance
2.6.17,[XFS] Fix compiler warning and small code inconsistencies in compat,misc->compile,1,13,9,Maintenance
2.6.17,[XFS] We really suck at spulling.  Thanks to Chris Pascoe for fixing all,misc->code,42,93,93,Maintenance
2.6.17,[XFS] Sync up one/two other minor changes missed in previous merges.,misc->code,5,18,43,Maintenance
2.6.17,[XFS] Reenable the noikeep (delete inode cluster space) option by default.,misc->code,1,3,5,Maintenance
2.6.17,[XFS] Check that a page has dirty buffers before finding it acceptable for,file,1,1,1,Performance
2.6.17,[XFS] Fixup naming inconsistencies found by Pekka Enberg and one from Jan,misc->api,4,20,20,Maintenance
2.6.17,[XFS] Explain the race closed by the addition of vn_iowait() to the start,misc->code,1,10,0,Maintenance
2.6.17,[XFS] Fixing the error caused by the conflict between DIO Write's,"inode,vfs",2,7,1,Bug
2.6.17,"[XFS] Fixing KDB's xrwtrc command, also added the current process id into",misc->code,4,8,8,Maintenance
2.6.17,[XFS] Fix compiler warning from xfs_file_compat_invis_ioctl prototype.,misc->compile,1,1,1,Maintenance
2.6.17,[XFS] remove bogus INT_GET for u8 variables in xfs_dir_leaf.c,misc->code,1,9,10,Maintenance
2.6.17,[XFS] endianess annotations for xfs_da_node_hdr_t,"xattr,tree,dir",6,86,85,Reliability
2.6.17,[XFS] endianess annotations for xfs_da_node_entry_t,"xattr,tree,dir",6,59,60,Reliability
2.6.17,[XFS] store xfs_attr_inactive_list_t in native endian,misc->code,1,5,9,Maintenance
2.6.17,[XFS] store xfs_attr_sf_sort in native endian,misc->code,1,7,10,Maintenance
2.6.17,[XFS] endianess annotations for xfs_attr_shortform_t,"inode,xattr",3,30,35,Reliability
2.6.17,[XFS] endianess annotations for xfs_attr_leaf_name_remote_t,xattr,2,14,18,Reliability
2.6.17,[XFS] endianess annotations for xfs_attr_leaf_name_local_t,xattr,2,11,13,Reliability
2.6.17,[XFS] endianess annotations for xfs_attr_leaf_entry_t,xattr,3,74,92,Reliability
2.6.17,[XFS] endianess annotations for xfs_attr_leaf_hdr_t,xattr,3,198,237,Reliability
2.6.17,[XFS] remove bogus INT_GET on u8 variables in xfs_dir2_block.c,misc->code,1,4,4,Maintenance
2.6.17,[XFS] endianess annotations for xfs_da_blkinfo_t,"xattr,tree,dir",9,205,245,Reliability
2.6.17,[XFS] endianess annotations for XFS_DIR2_DATA_ENTRY_TAG_P,dir,5,27,28,Reliability
2.6.17,[XFS] endianess annotations for xfs_dir2_leaf_entry_t,"dir,tree",7,93,87,Reliability
2.6.17,[XFS] endianess annotations for xfs_dir2_leaf_hdr_t,"dir,tree",5,100,100,Reliability
2.6.17,[XFS] endianess annotations for xfs_dir2_block_tail_t,dir,5,38,39,Reliability
2.6.17,[XFS] endianess annotations for XFS_DIR2_DATA_UNUSED_TAG_P,dir,3,24,27,Reliability
2.6.17,[XFS] endianess annotations for xfs_dir2_data_unused_t,dir,5,58,61,Reliability
2.6.17,[XFS] endianess annotations for xfs_dir2_leaf_tail_t,dir,4,23,23,Reliability
2.6.17,[XFS] endianess annotations for XFS_DIR2_LEAF_BESTS_P,dir,4,21,22,Reliability
2.6.17,[XFS] endianess annotations for xfs_dir2_free_hdr_t,"dir,tree",4,54,54,Reliability
2.6.17,[XFS] endianess annotations for xfs_dir2_data_hdr structure.,"dir,tree",6,99,93,Reliability
2.6.17,"[XFS] Flush and invalidate dirty pages at the start of a direct read also,",file,1,4,0,Bug
2.6.17,[XFS] Merge Yingpings fix for a vn_count assert failure during QA -,inode,1,2,0,Bug
2.6.17,"[XFS] Make couple names consitent, be more defensive on releasepage (and",misc->code,1,7,4,Maintenance
2.6.17,[XFS] Cleanup references to i_sem.,misc->code,1,20,21,Maintenance
2.6.17,[XFS] Fix an infinite loop issue in bulkstat when a corrupt inode is,"inode,journal,vfs",5,24,20,Bug
2.6.17,[XFS] Correct the dquot reservation component for the link transation.,journal,1,1,1,Bug
2.6.17,"[XFS] Complete transition away from linvfs naming convention, finally.",misc->api,20,135,122,Maintenance
2.6.17,[XFS] There are a few problems with the new,"balloc,inode",3,102,29,Bug
2.6.17,"[XFS] Revert kiocb and vattr stack changes, theory is the AIO rework will",misc->code,2,42,89,Maintenance
2.6.17,[XFS] Dynamically allocate the xfs_dinode_core_t structure to reduce our,inode,1,4,9,Performance
2.6.17,[XFS] Fix assert to check that in-core extents are inline only.,balloc,1,2,2,Bug
2.6.17,[XFS] Switch over from linvfs names for sb/quotactl operations for,misc->api,5,69,69,Maintenance
2.6.17,[XFS] Switch over from linvfs names for inode operations for consistent,misc->api,3,87,87,Maintenance
2.6.17,[XFS] Switch over from linvfs names for file operations for consistent,misc->api,4,76,76,Maintenance
2.6.17,[XFS] Switch over from linvfs names for address space ops for consistent,misc->api,4,35,38,Maintenance
2.6.17,[XFS] Remove a couple of no-longer-used macros/types from XFS.,misc->code,1,0,5,Maintenance
2.6.17,"[XFS] Reduce stack usage within xfs_bmapi by rearranging some code,",balloc,1,345,323,Performance
2.6.17,"[XFS] Reduce xfs_bmapi stack use by removing some local state variables,",balloc,1,37,42,Performance
2.6.17,"[XFS] Dynamically allocate vattr in places it makes sense to do so, to","file,ioctl,inode,vfs",5,209,142,Performance
2.6.17,[XFS] Take a dentry structure off the stack into the data segment.,misc->code,1,2,5,Maintenance
2.6.17,[XFS] Reduce complexity in xfs_trans_init by pushing complex macros out,journal,1,153,34,Performance
2.6.17,[XFS] Dynamically allocate xfs_dir2_put_args_t structure to reduce stack,dir,1,16,14,Performance
2.6.17,[XFS] Dynamically allocate local kiocb structures in readv/writev routines,file,1,22,12,Performance
2.6.17,[XFS] 929045 567344 This mod introduces multi-level in-core file extent,"balloc,inode",5,826,26,Feature
2.6.17,[XFS] 929045 567344 This mod re-organizes some of the in-core file extent,misc->code,6,597,410,Maintenance
2.6.17,[XFS] Additional mount time superblock validation checks.,super,1,4,1,Reliability
2.6.17,[XFS] using a spinlock per cpu for superblock counter exclusion results in,super,3,28,14,Bug
2.6.17,"[XFS] Add xfs_map_buffer helper, use it in a couple of places.",misc->api,1,25,24,Maintenance
2.6.17,[XFS] Move some code around to avoid prototypes and prep for future,misc->code,1,183,184,Maintenance
2.6.17,[XFS] Use XFS_VFSTOM in more places instead of open coding it.,misc->api,1,1,1,Maintenance
2.6.17,[XFS] forgot a couple of calls to XLOG_VEC_SET_TYPE when porting from irix,quota,1,2,0,Bug
2.6.17,[XFS] UUID endianess fix.  uu_timelow is a 32bit field and needs to be,other,1,7,8,Bug
2.6.17,[XFS] Add support for hotplug CPUs to the per-CPU superblock counters by,super,3,75,2,Feature
2.6.17,[XFS] Make headers compile for more compiler variants; minor cleanup.,misc->compile,2,24,27,Maintenance
2.6.17,"[XFS] When compiling with gcc 4.0 and CONFIG_SMP unset, there are many",misc->compile,1,1,1,Maintenance
2.6.17,[XFS] Flag the XFS inode cache as in need of spreading also.,misc->code,1,2,1,Maintenance
2.6.17,[XFS] Fix a mutex_destroy diagnostic about a locked-mutex-on-destroy from,quota,1,1,3,Bug
2.6.17,"[XFS] Cleanup the use of zones/slabs, more consistent and allows flags to",misc->code,5,100,72,Maintenance
2.6.17,"[XFS] On machines with more than 8 cpus, when running parallel I/O","super,vfs",5,586,17,Performance
2.6.17,[XFS] XFS propagates MS_NOATIME through two levels internally but doesn't,misc->code,4,0,13,Maintenance
2.6.17,[XFS] find_exported_dentry().  XFS does not need to use this symbol as it,misc->api,1,1,1,Maintenance
2.6.18,[XFS] Fix a bad pointer dereference in the quota statvfs handling.,quota,1,1,1,Bug
2.6.18,[XFS] Fix xfs_splice_write() so appended data gets to disk.,file,1,16,0,Bug
2.6.18,[XFS] Fix ABBA deadlock between i_mutex and iolock. Avoid calling,file,2,19,10,Bug
2.6.18,[XFS] Prevent free space oversubscription and xfssyncd looping.,"balloc,resize,super,vfs",4,40,31,Bug
2.6.18,[XFS] Fix char size overflow in bmap_alloc call for unwritten extent,balloc,1,1,1,Bug
2.6.18,[XFS] Update the MAINTAINERS file entry for XFS.,misc->doc,1,1,1,Maintenance
2.6.18,[XFS] Fix xfs_free_extent related NULL pointer dereference.,balloc,1,54,49,Bug
2.6.18,[XFS] Ensure bulkstat from an invalid inode number gets caught always with,inode,1,10,7,Bug
2.6.18,[XFS] Fix a barrier related forced shutdown on mounts with quota enabled.,"super,vfs",2,8,1,Bug
2.6.18,[XFS] Fix remount vs no/barrier options by ensuring we clear unwanted,journal,2,8,8,Bug
2.6.18,[XFS] All xfs_disk_dquot_t values are (as the name says) disk endian.,quota,1,13,6,Reliability
2.6.18,"[XFS] Fixup whitespace damage in log_write, remove final warning.",misc->compile,1,2,2,Maintenance
2.6.18,[XFS] Rework code snippets slightly to remove remaining recent-gcc,misc->compile,3,6,3,Maintenance
2.6.18,"[XFS] Fix realtime subvolume expansion, a porting bug b0rked it.  Coverity",volume,1,1,1,Bug
2.6.18,[XFS] Remove a race condition where a linked inode could BUG_ON in,inode,1,4,2,Bug
2.6.18,[XFS] Remove redundant directory checks from inode link operation.,misc->code,1,0,3,Maintenance
2.6.18,[XFS] Remove a couple of no-longer-used macros.,misc->code,1,0,2,Maintenance
2.6.18,"[XFS] Reduce size of xfs_trans_t structure. * remove ->t_forw, ->t_back --",journal,1,2,2,Performance
2.6.18,[XFS] remove unused behaviour lock - shrink XFS vnode as a side effect.,misc->code,1,0,3,Maintenance
2.6.18,"[XFS] * There is trivial ""inode => vnode => inode"" conversion, but only",misc->code,0,0,0,Maintenance
2.6.18,[XFS] link(2) on directory is banned in VFS.,misc->code,1,5,6,Maintenance
2.6.18,[PATCH] xfs: update ->flush method proto,misc->api,0,0,0,Maintenance
2.6.18,[PATCH] for_each_possible_cpu: xfs,other,0,0,0,Maintenance
2.6.18,[PATCH] XFS: Use the dentry passed to statfs() to limit the scope of the results,misc->code,0,0,0,Maintenance
2.6.18,[XFS] Remove files from the build that are now unused.,misc->code,1,0,2,Maintenance
2.6.18,[XFS] Fix a Makefile issue related to exports.o handling.,misc->compile,1,1,1,Maintenance
2.6.18,"[XFS] Remove version 1 directory code.	Never functioned on Linux, just",misc->code,71,285,4595,Maintenance
2.6.18,"[XFS] Map EFSCORRUPTED to an actual error code, not just a made up one",misc->code,1,2,18,Maintenance
2.6.18,[XFS] Kill direct access to ->count in valusema(); all we ever use it for,misc->api,6,20,19,Maintenance
2.6.18,[XFS] Remove unneeded conditional code on NFS export interface related,misc->code,2,1,9,Maintenance
2.6.18,[XFS] Remove an incorrect use of unlikely() on a relatively likely code,misc->code,1,1,1,Maintenance
2.6.18,[XFS] Push some common code out of write path into core XFS code for,misc->api,3,90,75,Maintenance
2.6.18,[XFS] Remove unnecessary local from open_exec dmapi path.,misc->code,1,9,14,Maintenance
2.6.18,[XFS] Minor XFS documentation updates.,misc->doc,2,12,11,Maintenance
2.6.18,[XFS] Fix broken const use inside local suffix_strtoul routine.,misc->code,1,3,3,Maintenance
2.6.18,[XFS] Fix nused counter.  It's currently getting set to -1 rather than,dir,1,1,1,Bug
2.6.18,[XFS] Fix mismerge of the fs_writable cleanup patch causing a freeze/thaw,resize,1,4,5,Bug
2.6.18,[XFS] Fix up debug code so that bulkstat wont generate thousands of,inode,2,15,10,Bug
2.6.18,[XFS] Remove unused parameter from di2xflags routine.,misc->code,1,4,5,Maintenance
2.6.18,"[XFS] Cleanup a missed porting conversion, and freezing.",misc->code,4,11,19,Maintenance
2.6.18,[XFS] Resolve a namespace collision on remaining vtypes for FreeBSD,misc->api,17,94,93,Maintenance
2.6.18,[XFS] Resolve a namespace collision on vnode/vnodeops for FreeBSD porters.,misc->api,36,496,636,Maintenance
2.6.18,[XFS] Resolve a namespace collision on vfs/vfsops for FreeBSD porters.,misc->api,19,183,224,Maintenance
2.6.18,"[XFS] statvfs component of directory/project quota support, code",quota,1,57,1,Feature
2.6.18,"[XFS] Portability changes: remove prdev, stick to one diagnostic",misc->code,10,67,51,Maintenance
2.6.18,[XFS] Remove dead code from come bulkstat paths.,misc->code,3,1,20,Maintenance
2.6.18,[XFS] Fix a typo in a header file comment.,misc->code,1,2,2,Maintenance
2.6.18,[XFS] Start writeout earlier (on last close) in the case where we have a,"file,vfs",5,114,94,Reliability
2.6.18,[XFS] Make the pflags test/set wrappers more legible for us mere humans.,misc->api,4,24,57,Maintenance
2.6.18,[XFS] Fix a buffer refcount leak in dir2 code on a forced shutdown.,dir,1,3,1,Bug
2.6.18,[XFS] Shutdown the filesystem if all device paths have gone.  Made,"file,vfs,quota,balloc,resize,journal,super",18,78,57,Reliability
2.6.18,"[XFS] getattr can return an error code, so propogate any from lower",inode,1,1,1,Bug
2.6.18,"[XFS] Drop use of m_writeio_blocks when zeroing, its not meaningful",misc->code,1,3,14,Maintenance
2.6.18,[XFS] lock validator: lockdep: small xfs init_rwsem() cleanup,misc->code,1,2,2,Maintenance
2.6.18,[XFS] Over zealous with doing endian conversions. We endian converted the,misc->code,1,2,2,Maintenance
2.6.18,[XFS] Stop a BUG from occurring in generic_delete_inode by preventing,inode,1,2,1,Bug
2.6.18,[XFS] inode items and EFI/EFDs have different ondisk format for 32bit and,misc->code,5,245,61,Maintenance
2.6.18,"[XFS] In actual allocation of file system blocks and freeing extents, the","balloc,tree,super",5,55,15,Bug
2.6.18,[XFS] Add degframentation exclusion support,misc->code,8,20,1,Maintenance
2.6.18,[XFS] Fix a noatime regression related to updating inode atime field on,file,1,3,17,Bug
2.6.18,"[XFS] Fix a comment typo, originally noticed by Ming Zhang.",misc->code,1,3,3,Maintenance
2.6.18,[XFS] Fix size argument in kmem_free().,misc->code,1,1,1,Maintenance
2.6.18,[XFS] Originally the ATTR_DMI flag also had the functionality of the,misc->code,1,0,2,Maintenance
2.6.18,[XFS] endianess annotations for xfs_dir_leaf_entry_t,"dir,tree",4,80,78,Reliability
2.6.18,[XFS] endianess annotations for xfs_dir_leaf_hdr_t,"dir,tree",4,182,171,Reliability
2.6.18,[XFS] endianess annotations for xfs_dir2_data_entry_t,dir,6,27,27,Reliability
2.6.18,[XFS] Add parameters to xfs_bmapi() and xfs_bunmapi() to have them report,misc->code,19,437,166,Maintenance
2.6.19,[XFS] Stale the correct inode when freeing clusters.,inode,1,1,1,Bug
2.6.19,[XFS] Fix uninitialized br_state and br_startoff in,balloc,1,2,0,Bug
2.6.19,[XFS] Remove KERNEL_VERSION macros from xfs_dmapi.h,misc->code,2,30,20,Maintenance
2.6.19,[XFS] Prevent a deadlock when xfslogd unpins inodes.,"inode,vfs",3,66,32,Bug
2.6.19,[XFS] Clean up i_flags and i_flags_lock handling.,misc->code,5,57,35,Maintenance
2.6.19,[XFS] 956664: dm_read_invis() changes i_atime,ioctl,1,4,1,Bug
2.6.19,[XFS] rename uio_read() to xfs_uio_read(),misc->api,4,5,5,Maintenance
2.6.19,[XFS] Keep lockdep happy.,misc->code,1,1,0,Maintenance
2.6.19,[XFS] 956618: Linux crashes on boot with XFS-DMAPI filesystem when,"file,other",4,27,21,Bug
2.6.19,[XFS] Remove v1 dir trace macro - missed in a past commit.,misc->compile,1,0,1,Maintenance
2.6.19,[XFS] 955947: Infinite loop in xfs_bulkstat() on formatter() error,inode,1,2,0,Bug
2.6.19,"[XFS] pv 956241, author: nathans, rv: vapo - make ino validation checks",misc->code,2,19,10,Maintenance
2.6.19,"[XFS] pv 956240, author: nathans, rv: vapo - Minor fixes in",other,1,11,6,Bug
2.6.19,[XFS] Really fix use after free in xfs_iunpin.,"super,inode,vfs",6,35,3,Bug
2.6.19,[XFS] Collapse sv_init and init_sv into just the one interface.,misc->api,1,0,2,Maintenance
2.6.19,[XFS] standardize on one sema init macro,misc->api,2,1,3,Maintenance
2.6.19,"[XFS] Reduce endian flipping in alloc_btree, same as was done for",misc->code,1,57,51,Maintenance
2.6.19,"[XFS] Minor cleanup from dio locking fix, remove an extra conditional.",misc->code,1,5,5,Maintenance
2.6.19,[XFS] Fix kmem_zalloc_greedy warnings on 64 bit platforms.,misc->compile,4,5,4,Maintenance
2.6.19,"[XFS] pv 955157, rv bnaujok - break the loop on EFAULT formatter() error",inode,1,3,3,Bug
2.6.19,"[XFS] pv 955157, rv bnaujok - break the loop on formatter() error",inode,1,5,0,Bug
2.6.19,[XFS] Fixes the leak in reservation space because we weren't ungranting,journal,2,12,2,Bug
2.6.19,[XFS] Add lock annotations to xfs_trans_update_ail and,journal,2,9,7,Reliability
2.6.19,[XFS] Fix a porting botch on the realtime subvol growfs code path.,volume,2,8,1,Bug
2.6.19,[XFS] Minor code rearranging and cleanup to prevent some coverity false,misc->code,3,36,37,Maintenance
2.6.19,[XFS] Remove a no-longer-correct debug assert from dio completion,misc->code,1,0,1,Maintenance
2.6.19,"[XFS] Add a greedy allocation interface, allocating within a min/max size",other,5,34,31,Feature
2.6.19,[XFS] Improve error handling for the zero-fsblock extent detection code.,"balloc,file",4,51,68,Reliability
2.6.19,[XFS] Be more defensive with page flags (error/private) for metadata,file,1,8,3,Reliability
2.6.19,[XFS] Add a debug flag for allocations which are known to be larger than,"other,quota,inode,journal",7,18,9,Reliability
2.6.19,[XFS] Remove several macros that are no longer used anywhere,misc->code,10,1,68,Maintenance
2.6.19,[XFS] Remove unused iop_abort log item operation,misc->code,5,2,131,Maintenance
2.6.19,[XFS] Remove a couple of unused BUF macros,misc->code,2,0,7,Maintenance
2.6.19,[XFS] pass file mode on DMAPI remove events,misc->code,1,13,3,Maintenance
2.6.19,[XFS] Remove last bulkstat false-positives with debug kernels.,misc->code,5,22,17,Maintenance
2.6.19,[XFS] Ensure xlog_state_do_callback does not report spurious warnings on,journal,1,7,2,Bug
2.6.19,[XFS] Increase the size of the buffer holding the local inode cluster,inode,1,16,6,Performance
2.6.19,[XFS] Drop unneeded endian conversion in bulkstat and start readahead for,misc->code,1,31,37,Maintenance
2.6.19,"[XFS] When issuing metadata readahead, submit bio with READA not READ.",file,1,7,7,Performance
2.6.19,[XFS] Rework DMAPI bulkstat calls in such a way that we can directly,inode,2,61,15,Performance
2.6.19,[XFS] Add EA list callbacks for xfs kernel use. Cleanup some namespace,misc->code,4,334,247,Maintenance
2.6.19,[XFS] Update XFS for i_blksize removal from generic inode structure,misc->code,1,20,5,Maintenance
2.6.19,"[XFS] remove accidentally reintroduced vfs unmount flag, unneeded in",misc->code,1,1,1,Maintenance
2.6.19,"[XFS] remove bhv_lookup, _range version works aswell and has more useful",misc->code,4,2,25,Maintenance
2.6.19,[XFS] use NULL for pointer initialisation instead of zero-cast-to-ptr,misc->code,4,15,15,Maintenance
2.6.19,[XFS] endianess annotations for xfs_bmbt_key Trivial as there are no,"balloc,tree",4,25,33,Reliability
2.6.19,[XFS] endianess annotate XFS_BMAP_BROOT_PTR_ADDR Make sure it returns a,"balloc,tree",3,47,50,Reliability
2.6.19,[XFS] endianess annotations for xfs_bmbt_ptr_t/xfs_bmdr_ptr_t,tree,1,4,2,Reliability
2.6.19,[XFS] add xfs_btree_check_lptr_disk variant which handles endian,misc->api,3,16,13,Maintenance
2.6.19,[XFS] remove left over INT_ comments in *alloc*.c We can verify endianess,misc->code,0,0,0,Maintenance
2.6.19,[XFS] endianess annotations for xfs_inobt_rec_t / xfs_inobt_key_t,"inode,tree",6,51,46,Reliability
2.6.19,"[XFS] endianess annotation for xfs_agfl_t. Trivial, xfs_agfl_t is always",balloc,2,4,4,Reliability
2.6.19,"[XFS] Fix sparse warning found when page tracing enabled, due to",misc->compile,1,4,4,Maintenance
2.6.19,[XFS] Fix rounding bug in xfs_free_file_space found by sparse checking.,vfs,1,2,3,Bug
2.6.19,[XFS] move XFS_IOC_GETVERSION to main multiplexer,misc->code,1,2,7,Maintenance
2.6.19,[XFS] cleanup the field types of some item format structures,misc->code,2,62,54,Maintenance
2.6.19,"[XFS] Improve xfsbufd delayed write submission patterns, after blktrace",file,1,14,10,Performance
2.6.19,"[XFS] pass inode to xfs_ioc_space(), simplify some code. There is trivial",misc->code,1,5,5,Maintenance
2.6.20,[PATCH] Fix XFS after clear_page_dirty() removal,misc->code,0,0,0,Maintenance
2.6.20,"[PATCH] xfs: change uses of f_{dentry,vfsmnt} to use f_path",misc->api,0,0,0,Maintenance
2.6.20,[PATCH] Use freezeable workqueues in XFS,file,1,2,2,Reliability
2.6.21,[PATCH] Make XFS workqueues nonfreezable,misc->api,0,0,0,Maintenance
2.6.21,[PATCH] xfs warning fix,misc->compile,0,0,0,Maintenance
2.6.21,[PATCH] Make XFS use BH_Unwritten and BH_Delay correctly,misc->code,0,0,0,Maintenance
2.6.21,[XFS] Don't use kmap in xfs_iozero.,file,1,3,7,Performance
2.6.21,[XFS] Remove a bunch of unused functions from XFS.,misc->code,9,0,294,Maintenance
2.6.21,[XFS] Remove unused arguments from the XFS_BTREE_*_ADDR macros.,misc->api,0,0,0,Maintenance
2.6.21,[XFS] Remove unused header files for MAC and CAP checking functionality.,misc->code,19,0,205,Maintenance
2.6.21,[XFS] Make freeze code a little cleaner.,misc->code,3,11,11,Maintenance
2.6.21,[XFS] Remove unused argument to xfs_bmap_finish,misc->api,9,25,35,Maintenance
2.6.21,[XFS] Clean up use of VFS attr flags,misc->code,1,13,18,Maintenance
2.6.21,[XFS] Remove useless memory barrier,misc->code,1,0,1,Maintenance
2.6.21,[XFS] XFS sysctl cleanups,misc->code,1,181,79,Maintenance
2.6.21,[XFS] Fix assertion in xfs_attr_shortform_remove().,xattr,1,2,1,Bug
2.6.21,[XFS] Fix callers of xfs_iozero() to zero the correct range.,"file,inode",3,20,20,Bug
2.6.21,[XFS] Ensure a frozen filesystem has a clean log before writing the dummy,"super,vfs",3,34,7,Bug
2.6.21,[XFS] Fix sub-block zeroing for buffered writes into unwritten extents.,file,1,9,4,Bug
2.6.21,[XFS] Re-initialize the per-cpu superblock counters after recovery.,"super,journal",3,23,5,Bug
2.6.21,[XFS] Fix block reservation changes for non-SMP systems.,misc->code,1,1,1,Maintenance
2.6.21,[XFS] Fix block reservation mechanism.,"resize,super,vfs",4,54,20,Bug
2.6.21,[XFS] Make growfs work for amounts greater than 2TB,"balloc,super,journal",5,68,61,Feature
2.6.21,[XFS] Fix inode log item use-after-free on forced shutdown,inode,1,18,4,Bug
2.6.21,[XFS] Fix attr2 corruption with btree data extents,"xattr,balloc",3,54,11,Bug
2.6.21,[XFS] Workaround log space issue by increasing XFS_TRANS_PUSH_AIL_RESTARTS,misc->code,1,1,1,Maintenance
2.6.21,[XFS] remove unused filp from ioctl functions,misc->api,1,5,11,Maintenance
2.6.21,"[XFS] mraccessf & mrupdatef are supposed to be the ""flags"" versions of the",misc->api,0,0,0,Maintenance
2.6.21,[XFS] remove unused xflags parameter from sync routines,misc->api,3,8,16,Maintenance
2.6.21,[XFS] fix sparse warning in xfs_da_btree.c,misc->code,1,1,2,Maintenance
2.6.21,[XFS] use struct kvec in struct uio,misc->api,2,3,3,Maintenance
2.6.21,[XFS] Fix UP build breakage due to undefined m_icsb_mutex.,misc->compile,2,33,11,Maintenance
2.6.21,[XFS] Reduction global superblock lock contention near ENOSPC.,super,2,140,93,Performance
2.6.21,[XFS] Get rid of old 5.3/6.1 v1 log items. Cleanup patch sent in by Eric,misc->code,3,3,77,Maintenance
2.6.21,[XFS] Keep stack usage down for 4k stacks by using noinline.,"file,super,other,xattr",23,87,63,Performance
2.6.21,[XFS] Current usage of buftarg flags is incorrect.,file,2,9,10,Bug
2.6.21,[XFS] Prevent buffer overrun in cmn_err().,other,1,13,10,Bug
2.6.21,[XFS] Fix a synchronous buftarg flush deadlock when freezing.,file,1,60,57,Bug
2.6.21,[XFS] Make quiet mounts quiet,other,1,1,1,Bug
2.6.22,[XFS] Update the MAINTAINERS file entry for XFS - change git repo name.,misc->code,1,1,1,Maintenance
2.6.22,[XFS] s/memclear_highpage_flush/zero_user_page/,misc->api,1,1,1,Maintenance
2.6.22,[XFS] Update the MAINTAINERS file entry for XFS.,misc->code,1,1,1,Maintenance
2.6.22,[XFS] Write at EOF may not update filesize correctly.,file,1,17,9,Bug
2.6.22,[XFS] Add lockdep support for XFS,"vfs,inode",5,88,28,Reliability
2.6.22,[XFS] Fix race in xfs_write() b/w dmapi callout and direct I/O checks.,file,1,26,27,Bug
2.6.22,"[XFS] Get rid of redundant ""required"" in msg.",misc->code,0,0,0,Maintenance
2.6.22,[XFS] Export via a function xfs_buftarg_list for use by kdb/xfsidbg.,misc->code,2,12,1,Maintenance
2.6.22,[XFS] Remove unused ilen variable and references.,misc->code,1,0,4,Maintenance
2.6.22,[XFS] Fix to prevent the notorious 'NULL files' problem after a crash.,"file,balloc,inode,vfs",9,208,88,Bug
2.6.22,[XFS] Fix race condition in xfs_write().,file,1,32,29,Bug
2.6.22,[XFS] Fix uquota and oquota enforcement problems.,"quota,journal",3,12,4,Bug
2.6.22,[XFS] propogate return codes from flush routines,"other,file,inode,vfs",10,53,22,Bug
2.6.22,[XFS] Fix quotaon syscall failures for group enforcement requests.,quota,1,1,3,Bug
2.6.22,[XFS] Invalidate quotacheck when mounting without a quota type.,quota,1,11,0,Bug
2.6.22,[XFS] reducing the number of random number functions.,misc->api,4,3,20,Maintenance
2.6.22,[XFS] remove more misc. unused args,misc->api,3,8,15,Maintenance
2.6.22,"[XFS] the ""aendp"" arg to xfs_dir2_data_freescan is always NULL, remove it.",misc->api,0,0,0,Maintenance
2.6.22,"[XFS] The last argument ""lsn"" of xfs_trans_commit() is always called with",misc->api,0,0,0,Maintenance
2.6.23,"Revert ""[XFS] Avoid replaying inode buffer initialisation log items if on-disk version is newer.""",journal,3,3,54,Bug
2.6.23,[XFS] fix valid but harmless sparse warning,misc->code,1,2,2,Maintenance
2.6.23,[XFS] fix filestreams on 32-bit boxes,balloc,1,4,3,Bug
2.6.23,[XFS] Avoid replaying inode buffer initialisation log items if on-disk version is newer.,journal,3,54,3,Bug
2.6.23,[XFS] Ensure file size updates have been completed before writing inode to disk.,"file,super,vfs",3,16,9,Bug
2.6.23,[XFS] On-demand reaping of the MRU ca(che,balloc,3,31,50,Performance
2.6.23,[XFS] fix nasty quota hashtable allocation bug,quota,1,2,1,Bug
2.6.23,[XFS] fix sparse shadowed variable warnings,misc->code,2,4,5,Maintenance
2.6.23,[XFS] fix ASSERT and ASSERT_ALWAYS,misc->code,1,6,4,Maintenance
2.6.23,[XFS] Fix sparse warning in kmem_shake_allow,misc->code,1,1,1,Maintenance
2.6.23,[XFS] Fix sparse NULL vs 0 warnings,misc->code,2,12,12,Maintenance
2.6.23,[XFS] Set filestreams object timeout to something sane.,misc->code,1,1,1,Maintenance
2.6.23,xfs ioctl __user annotations,ioctl,1,2,2,Reliability
2.6.23,[XFS] Fix inode size update before data write in xfs_setattr,vfs,1,24,1,Bug
2.6.23,[XFS] Allow punching holes to free space when at ENOSPC,vfs,1,4,1,Bug
2.6.23,[XFS] Implement ->page_mkwrite in XFS.,misc->api,1,16,0,Maintenance
2.6.23,[XFS] Fix lockdep annotations for xfs_lock_inodes,"vfs,inode",2,11,8,Reliability
2.6.23,"[XFS] Fix XFS_IOC_FSBULKSTAT{,_SINGLE} & XFS_IOC_FSINUMBERS in compat mode",misc->code,4,255,33,Maintenance
2.6.23,[XFS] Compat ioctl handler for handle operations,misc->code,1,52,5,Maintenance
2.6.23,[XFS] Compat ioctl handler for XFS_IOC_FSGEOMETRY_V1.,misc->code,1,41,1,Maintenance
2.6.23,[XFS] Clean up function name handling in tracing code,misc->code,5,150,273,Maintenance
2.6.23,[XFS] Quota inode has no parent.,"quota,inode",2,10,6,Reliability
2.6.23,[XFS] Concurrent Multi-File Data Streams,"other,balloc,inode,vfs",21,1730,12,Feature
2.6.23,[XFS] Use uninitialized_var macro to stop warning about rtx,misc->compile,1,2,1,Maintenance
2.6.23,[XFS] XFS should not be looking at filp reference counts,misc->code,3,16,47,Maintenance
2.6.23,[XFS] Use is_power_of_2 instead of open coding checks,misc->api,1,3,2,Maintenance
2.6.23,[XFS] Reduce shouting by removing unnecessary macros from dir2 code.,misc->code,11,283,324,Maintenance
2.6.23,[XFS] Simplify XFS min/max macros.,misc->code,1,8,24,Maintenance
2.6.23,[XFS] Kill off xfs_count_bits,misc->code,3,13,86,Maintenance
2.6.23,[XFS] Cancel transactions on xfs_itruncate_start error.,vfs,1,2,0,Bug
2.6.23,[XFS] Use do_div() on 64 bit types.,misc->code,1,3,1,Maintenance
2.6.23,"[XFS] Fix remount,readonly path to flush everything correctly.","super,vfs",3,46,23,Bug
2.6.23,[XFS] Cleanup inode extent size hint extraction,misc->code,4,38,43,Maintenance
2.6.23,[XFS] Prevent ENOSPC from aborting transactions that need to succeed,"resize,file,super",3,50,19,Bug
2.6.23,[XFS] Prevent deadlock when flushing inodes on unmount,super,1,11,0,Bug
2.6.23,[XFS] Log the agf_length change in xfs_growfs_data_private().,misc->code,1,1,0,Maintenance
2.6.23,[XFS] Map unwritten extents correctly for I/o completion processing,file,1,12,1,Bug
2.6.23,[XFS] Apply transaction delta counts atomically to incore counters,journal,1,40,37,Bug
2.6.23,[XFS] Handle null returned from xfs_vtoi() in xfs_setfilesize().,file,1,2,0,Bug
2.6.23,[XFS] Block on unwritten extent conversion during synchronous direct I/O.,file,1,20,8,Bug
2.6.23,[XFS] Flush the block device before closing it on unmount.,file,1,1,0,Bug
2.6.23,[XFS] xfs_bmapi fails to update the previous extent pointer,balloc,1,3,3,Bug
2.6.23,[XFS] Fix the transaction flags to make lazy superblock counters work.,misc->code,1,1,1,Maintenance
2.6.23,[XFS] Lazy Superblock Counters,"balloc,tree,inode,journal,super,vfs",18,337,54,Performance
2.6.23,[XFS] Use generic shrinker interfaces in XFS.,misc->api,3,6,25,Maintenance
2.6.23,[XFS] Make hole punching at EOF atomic.,vfs,2,29,13,Bug
2.6.23,[XFS] Fix vmalloc leak on mount/unmount.,journal,1,1,1,Bug
2.6.23,[XFS] Fix double free in xfs_buf_get_noaddr error handling path,file,1,2,1,Bug
2.6.23,[XFS] Fix use-after-free during log unmount.,journal,1,9,7,Bug
2.6.23,[XFS] Sleeping with the ilock waiting for I/O completion is Bad.,vfs,1,28,45,Bug
2.6.23,[XFS] Don't grow filesystems past the size they can index.,"resize,super,volume",4,29,13,Reliability
2.6.23,[XFS] Only use refcounted pages for I/O,"file,journal",3,32,38,Reliability
2.6.24,[XFS] fix unaligned access in readdir,file,1,10,6,Bug
2.6.24,[XFS] Initialise current offset in xfs_file_readdir correctly,file,1,1,0,Bug
2.6.24,[XFS] Fix mknod regression,inode,1,1,3,Bug
2.6.24,[XFS] Put the correct offset in dirent d_off,"file,dir",4,8,13,Bug
2.6.24,[XFS] Don't wait for pending I/Os when purging blocks beyond eof.,inode,1,4,2,Performance
2.6.24,[XFS] Fix xfs_ichgtime()s broken usage of I_SYNC,inode,1,2,2,Bug
2.6.24,[XFS] Make xfsbufd threads freezable,file,1,2,0,Bug
2.6.24,[XFS] revert to double-buffering readdir,file,1,124,0,Bug
2.6.24,[XFS] Fix broken inode cluster setup.,inode,1,1,1,Performance
2.6.24,[XFS] Clear XBF_READ_AHEAD flag on I/O completion.,file,1,1,1,Bug
2.6.24,[XFS] Fixed a few bugs in xfs_buf_associate_memory(),file,1,13,20,Bug
2.6.24,[XFS] 971064 Various fixups for xfs_bulkstat().,"ioctl,inode",3,40,26,Bug
2.6.24,[XFS] Fix dbflush panic in xfs_qm_sync.,quota,1,3,0,Bug
2.6.24,xfs: new export ops,misc->api,2,130,124,Maintenance
2.6.24,[XFS] cleanup fid types mess,misc->code,8,33,60,Maintenance
2.6.24,[XFS] fixups after behavior removal merge into mainline git,misc->code,2,11,32,Maintenance
2.6.24,[XFS] eagerly remove vmap mappings to avoid upsetting Xen,file,1,13,0,Reliability
2.6.24,[XFS] simplify validata_fields,misc->code,1,24,27,Maintenance
2.6.24,xfs: convert to new aops,misc->api,3,53,22,Maintenance
2.6.24,"[XFS] no longer using io_vnode, as was remaining from 23 cherrypick",misc->code,1,1,1,Maintenance
2.6.24,[XFS] Remove STATIC which was missing from prior manual merge,misc->code,1,1,1,Maintenance
2.6.24,[XFS] Put back the QUEUE_ORDERED_NONE test in the barrier check.,super,1,8,0,Bug
2.6.24,[XFS] Turn off XBF_ASYNC flag before re-reading superblock.,journal,1,3,0,Reliability
2.6.24,[XFS] avoid race in sync_inodes() that can fail to write out all dirty data,super,1,20,9,Bug
2.6.24,[XFS] This fix prevents bulkstat from spinning in an infinite loop.,inode,1,9,6,Bug
2.6.24,[XFS] simplify xfs_create/mknod/symlink prototype,misc->code,1,1,3,Maintenance
2.6.24,[XFS] avoid xfs_getattr in XFS_IOC_FSGETXATTR ioctl,misc->api,1,46,44,Maintenance
2.6.24,[XFS] get_bulkall() could return incorrect inode state,inode,2,29,7,Bug
2.6.24,[XFS] Kill unused IOMAP_EOF flag,misc->code,2,0,9,Maintenance
2.6.24,[XFS] fix when DMAPI mount option processing happens,vfs,1,14,12,Bug
2.6.24,[XFS] ensure file size is logged on synchronous writes,file,1,6,7,Bug
2.6.24,[XFS] growlock should be a mutex,misc->code,3,7,7,Maintenance
2.6.24,[XFS] replace some large xfs_log_priv.h macros by proper functions,misc->api,2,32,25,Maintenance
2.6.24,[XFS] kill struct bhv_vfs,misc->code,14,39,312,Maintenance
2.6.24,[XFS] move syncing related members from struct bhv_vfs to struct xfs_mount,misc->code,4,65,75,Maintenance
2.6.24,[XFS] kill the vfs_flags member in struct bhv_vfs,misc->code,16,59,76,Maintenance
2.6.24,[XFS] kill the vfs_fsid and vfs_altfsid members in struct bhv_vfs,misc->code,5,12,41,Maintenance
2.6.24,[XFS] call common xfs vfs-level helpers directly and remove vfs operations,misc->api,18,51,774,Maintenance
2.6.24,[XFS] decontaminate vfs operations from behavior details,misc->code,8,207,68,Maintenance
2.6.24,[XFS] remove dependency of the quota module on behaviors,misc->code,12,224,303,Maintenance
2.6.24,[XFS] remove dependency of the dmapi module on behaviors,misc->code,6,82,40,Maintenance
2.6.24,[XFS] move freeing the mount structure from xfs_mount_free into the callers,misc->code,3,2,1,Maintenance
2.6.24,[XFS] kill struct bhv_vnode,misc->code,12,63,73,Maintenance
2.6.24,[XFS] kill the v_number member in struct bhv_vnode,misc->code,3,2,11,Maintenance
2.6.24,[XFS] move v_trace from bhv_vnode to xfs_inode,misc->code,13,94,89,Maintenance
2.6.24,[XFS] move v_iocount from bhv_vnode to xfs_inode,misc->code,8,44,34,Maintenance
2.6.24,[XFS] Create xfs_iflags_test_and_clear helper function,misc->api,2,14,6,Maintenance
2.6.24,[XFS] kill the v_flag member in struct bhv_vnode,misc->code,11,33,79,Maintenance
2.6.24,[XFS] kill v_vfsp member from struct bhv_vnode,misc->code,9,28,29,Maintenance
2.6.24,[XFS] call common xfs vnode-level helpers directly and remove vnode operations,misc->api,27,188,866,Maintenance
2.6.24,[XFS] decontaminate vnode operations from behavior details,misc->code,20,765,466,Maintenance
2.6.24,[XFS] do not have XFSMNT_IDELETE as default when mounted with XFSMNT_DMAPI,vfs,1,12,1,Performance
2.6.24,[XFS] Radix tree based inode caching,"inode,super,vfs",20,285,504,Performance
2.6.24,[XFS] kill move.[ch],misc->code,0,0,0,Maintenance
2.6.24,[XFS] stop using uio in the readlink code,misc->code,4,121,132,Maintenance
2.6.24,[XFS] use filldir internally,misc->code,12,152,407,Maintenance
2.6.24,[XFS] superblock endianess annotations,"super,journal,resize",6,191,94,Reliability
2.6.24,[XFS] dinode endianess annotations,"inode,journal",6,228,188,Reliability
2.6.24,[XFS] Fix build regression from mod/commit which did cleanup of xfs_bmbt_*set_allf,misc->compile,0,0,0,Maintenance
2.6.24,[XFS] optimize dmapi event tests w/o dmapi config,vfs,2,6,1,Performance
2.6.24,[XFS] remove unessecary vfs argument to DM_EVENT_ENABLED,misc->api,6,38,60,Maintenance
2.6.24,[XFS] Fix a potential NULL pointer deref in XFS on failed mount.,"super,vfs",2,9,3,Bug
2.6.24,[XFS] clean up xfs_start_flags,misc->code,2,5,7,Maintenance
2.6.24,[XFS] move linux/log2.h header to xfs_linux.h,misc->code,2,1,2,Maintenance
2.6.24,[XFS] Remove xfs_physmem,misc->code,3,0,10,Maintenance
2.6.24,[XFS] Pick a single default inode cluster size.,misc->code,2,5,13,Maintenance
2.6.24,[XFS] choose single default logbuf count & size,misc->code,2,7,27,Maintenance
2.6.24,[XFS] Remove m_nreadaheads,misc->code,4,0,42,Maintenance
2.6.24,[XFS] endianess annotations for xfs_bmbt_rec_t,"balloc,inode,tree",4,18,43,Reliability
2.6.24,[XFS] cleanup defintions of BMBT_*BITLEN macros,misc->code,0,0,0,Maintenance
2.6.24,[XFS] clean up xfs_bmbt_set_all/xfs_bmbt_disk_set_all,misc->code,1,74,126,Maintenance
2.6.24,[XFS] split ondisk vs incore versions of xfs_bmbt_rec_t,misc->code,7,95,127,Maintenance
2.6.24,[XFS] remove confusing INT_ comments in xfs_bmap_btree.c,misc->code,1,4,4,Maintenance
2.6.24,[XFS] hole not shown when file is created with resvsp,balloc,1,40,10,Bug
2.6.24,[XFS] Barriers need to be dynamically checked and switched off,"file,super,journal",3,25,9,Reliability
2.6.25,"[XFS] Ensure ""both"" features2 slots are consistent",super,2,29,15,Reliability
2.6.25,[XFS] Fix superblock features2 field alignment problem,super,2,62,9,Reliability
2.6.25,[XFS] remove shouting-indirection macros from xfs_sb.h,misc->api,21,76,138,Maintenance
2.6.25,[XFS] fix inode leak in xfs_iget_core(),inode,1,1,0,Bug
2.6.25,[XFS] 977545 977545 977545 977545 977545 977545 xfsaild causing too many,journal,1,10,7,Performance
2.6.25,"[XFS] If you mount an XFS filesystem with no mount options at all, then","super,inode,vfs",5,12,12,Bug
2.6.25,[XFS] Undo bit ops cleanup mod due to regression on 32-bit powermac,"other,volume",1,4,4,Bug
2.6.25,[XFS] Undo bit ops cleanup mod due to regression on 32-bit powermac,other,3,120,29,Bug
2.6.25,[XFS] Added quota targets and removed dmapi directory,misc->compile,1,13,18,Maintenance
2.6.25,[XFS] Fix up xfs out-of-tree builds. (a.k.a. external modules),misc->compile,1,1,1,Maintenance
2.6.25,[XFS] Remove Makefile wrappers in XFS,misc->compile,3,122,124,Maintenance
2.6.25,xfs: convert beX_add to beX_add_cpu (new common API),misc->api,17,114,129,Maintenance
2.6.25,[XFS] add __init/__exit mark to specific init/cleanup functions,misc->api,5,7,7,Maintenance
2.6.25,[XFS] Fix oops in xfs_file_readdir(),file,1,1,2,Bug
2.6.25,[XFS] kill xfs_root,misc->code,3,4,23,Maintenance
2.6.25,[XFS] keep i_nlink updated and use proper accessors,"inode,vfs,other",3,2,2,Bug
2.6.25,[XFS] stop updating inode->i_blocks,misc->code,4,1,14,Maintenance
2.6.25,[XFS] Make xfs_ail_check check less by default,journal,1,28,9,Performance
2.6.25,[XFS] Move AIL pushing into it's own thread,"super,journal",7,282,108,Performance
2.6.25,[XFS] use generic_permission,misc->api,7,25,120,Maintenance
2.6.25,[XFS] stop re-checking permissions in xfs_swapext,misc->code,1,11,9,Maintenance
2.6.25,[XFS] clean up xfs_swapext,misc->code,1,26,41,Maintenance
2.6.25,[XFS] remove permission check from xfs_change_file_space,misc->code,1,0,12,Maintenance
2.6.25,[XFS] prevent panic during log recovery due to bogus op_hdr length,journal,1,6,1,Reliability
2.6.25,[XFS] Cleanup various fid related bits:,misc->code,5,17,84,Maintenance
2.6.25,[XFS] Fix xfs_lowbit64,misc->code,1,4,4,Maintenance
2.6.25,[XFS] Remove CFORK macros and use code directly in IFORK and DFORK macros.,misc->code,4,65,72,Maintenance
2.6.25,[XFS] kill superflous buffer locking (2nd attempt),file,2,5,51,Performance
2.6.25,"[XFS] Use kernel-supplied ""roundup_pow_of_two"" for simplicity",misc->api,0,0,0,Maintenance
2.6.25,[XFS] Remove the BPCSHIFT and NB* based macros from XFS.,misc->code,0,0,0,Maintenance
2.6.25,[XFS] Remove bogus assert,journal,1,0,1,Bug
2.6.25,[XFS] optimize XFS_IS_REALTIME_INODE w/o realtime config,misc->code,13,32,28,Maintenance
2.6.25,[XFS] Move platform specific mount option parse out of core XFS code,misc->code,3,430,433,Maintenance
2.6.25,[XFS] Implement fallocate.,inode,1,43,0,Feature
2.6.25,[XFS] Fix inode allocation latency,"inode,journal",5,23,51,Performance
2.6.25,[XFS] Fix transaction overrun during writeback.,file,1,50,25,Bug
2.6.25,[XFS] Show all mount args in /proc/mounts,misc->code,1,35,35,Maintenance
2.6.25,[XFS] Fix sparse warning in xlog_recover_do_efd_trans.,misc->code,1,3,11,Maintenance
2.6.25,[XFS] Fix up sparse warnings.,misc->code,19,50,37,Maintenance
2.6.25,[XFS] Use the generic bitops rather than implementing them ourselves.,misc->api,3,37,119,Maintenance
2.6.25,[XFS] Make xfs_bulkstat() to report unlinked but referenced inodes,inode,2,27,20,Bug
2.6.25,[XFS] 971186 Undo mod xfs-linux-melb:xfs-kern:29845a due to a regression,misc->code,2,49,5,Feature
2.6.25,"[XFS] fix 32-bit compat ioctls for GETXFLAGS, SETXFLAGS, GETVERSION",ioctl,2,12,6,Bug
2.6.25,[XFS] lose xfs_hex_dump in favor of print_hex_dump,misc->api,3,8,31,Maintenance
2.6.25,[XFS] kill XFS_INOBT_IS_FREE_DISK,misc->code,1,0,2,Maintenance
2.6.25,[XFS] kill superflous buffer locking,file,2,5,49,Performance
2.6.25,[XFS] Refactor xfs_mountfs,misc->code,1,162,105,Maintenance
2.6.25,[XFS] xlog_rec_header/xlog_rec_ext_header endianess annotations,journal,4,120,133,Reliability
2.6.25,[XFS] clean up some xfs_log_priv.h macros,misc->code,3,39,49,Maintenance
2.6.25,[XFS] clean up some xfs_log_priv.h macros,misc->code,3,16,17,Maintenance
2.6.25,[XFS] kill xfs_freeze.,misc->code,3,12,16,Maintenance
2.6.25,[XFS] cleanup vnode useage in xfs_iget.c,misc->code,4,65,98,Maintenance
2.6.25,[XFS] cleanup vnode useage in xfs_ioctl.c,misc->code,1,28,51,Maintenance
2.6.25,[XFS] Kill off xfs_statvfs.,misc->code,4,41,69,Maintenance
2.6.25,[XFS] simplify xfs_vn_getattr,misc->code,1,53,25,Maintenance
2.6.25,[XFS] kill xfs_iocore_t,misc->code,13,54,211,Maintenance
2.6.25,[XFS] Remove spin.h,misc->api,11,14,45,Maintenance
2.6.25,[XFS] Cleanup lock goop.,misc->code,3,2,20,Maintenance
2.6.25,"[XFS] ktrace kt_lock is unused, remove it.",misc->code,2,0,5,Maintenance
2.6.25,[XFS] Unwrap XFS_SB_LOCK.,misc->api,10,60,79,Maintenance
2.6.25,[XFS] Unwrap mru_lock.,misc->api,1,17,17,Maintenance
2.6.25,[XFS] Unwrap xfs_dabuf_global_lock,misc->api,2,6,9,Maintenance
2.6.25,[XFS] Unwrap pagb_lock.,misc->api,2,8,11,Maintenance
2.6.25,[XFS] Unwrap XFS_DQ_PINUNLOCK.,misc->api,3,7,16,Maintenance
2.6.25,[XFS] Unwrap GRANT_LOCK.,misc->api,3,35,50,Maintenance
2.6.25,[XFS] Unwrap LOG_LOCK.,misc->api,2,72,93,Maintenance
2.6.25,[XFS] Unwrap AIL_LOCK,misc->api,12,81,114,Maintenance
2.6.25,[XFS] kill unnessecary ioops indirection,misc->code,12,79,249,Maintenance
2.6.25,[XFS] simplify vn_revalidate,misc->code,4,37,51,Maintenance
2.6.25,[XFS] more vnode/inode tracing fixes,misc->code,2,6,5,Maintenance
2.6.25,[XFS] kill BMAPI_UNWRITTEN,misc->code,3,5,15,Maintenance
2.6.25,[XFS] kill BMAPI_DEVICE,misc->code,3,17,20,Maintenance
2.6.25,[XFS] clean up vnode/inode tracing,misc->code,14,91,95,Maintenance
2.6.25,[XFS] remove dead SYNC_BDFLUSH case in xfs_sync_inodes,misc->code,1,23,175,Maintenance
2.6.26,[XFS] Fix memory corruption with small buffer reads,file,2,39,4,Bug
2.6.26,[XFS] Fix inode list allocation size in writeback.,inode,1,4,3,Performance
2.6.26,[XFS] Don't allow memory reclaim to wait on the filesystem in inode,inode,1,1,1,Bug
2.6.26,[XFS] Fix fsync() b0rkage.,"file,vfs",4,54,86,Bug
2.6.26,"[XFS] Include linux/random.h in all builds, not just debug.",misc->compile,2,1,2,Maintenance
2.6.26,"[XFS] Include linux/random.h in all builds, not just debug builds.",misc->compile,2,1,2,Maintenance
2.6.26,[XFS] Fix build failure after enabling CONFIG_XFS_DEBUG,misc->compile,1,1,1,Maintenance
2.6.26,[XFS] remove dmapi cruft in xfs_file.c,misc->code,1,0,75,Maintenance
2.6.26,[XFS] remove sendfile leftovers,misc->code,2,0,4,Maintenance
2.6.26,[XFS] allow enabling CONFIG_XFS_DEBUG,misc->code,1,13,0,Maintenance
2.6.26,[XFS] Don't initialise new inode generation numbers to zero,inode,1,10,0,Bug
2.6.26,[XFS] Fix check for block zero access in xfs_write_iomap_allocate(),file,1,5,8,Bug
2.6.26,[XFS] Don't double count reserved block changes on UP.,resize,1,0,4,Bug
2.6.26,[XFS] remove xfs_log_ticket_zone on rmmod,vfs,1,1,0,Bug
2.6.26,[XFS] fix non-smp xfs build,misc->compile,1,1,0,Maintenance
2.6.26,[XFS] Fix broken HAVE_SPLICE removal commit.,misc->code,2,1,2,Maintenance
2.6.26,[XFS] kill XFS_ICSB_SB_LOCKED,misc->code,2,1,2,Maintenance
2.6.26,[XFS] split xfs_icsb_balance_counter,misc->code,1,31,27,Maintenance
2.6.26,[XFS] Add xfs_icsb_sync_counters_locked for when m_sb_lock already held,misc->code,4,14,20,Maintenance
2.6.26,[XFS] Cleanup xfs_attr a bit with xfs_name and remove cred,misc->code,5,62,52,Maintenance
2.6.26,[XFS] kill usesless IHOLD calls in xfs_remove and xfs_rmdir,misc->code,1,4,59,Maintenance
2.6.26,[XFS] kill parent == child checks in xfs_remove and xfs_rmdir,misc->code,1,6,19,Maintenance
2.6.26,[XFS] kill usesless IHOLD calls in xfs_rename,misc->code,1,10,65,Maintenance
2.6.26,[XFS] remove manual lookup from xfs_rename and simplify locking,"dir,other,vfs,inode",8,55,200,Performance
2.6.26,[XFS] shrink mrlock_t,misc->code,15,154,175,Maintenance
2.6.26,[XFS] simplify xfs_lookup,misc->code,1,15,7,Maintenance
2.6.26,[XFS] xfs_rename: pass resblks to xfs_dir_removename,vfs,1,1,1,Reliability
2.6.26,[XFS] kill di_mode checks after xfs_iget,misc->code,5,2,20,Maintenance
2.6.26,[XFS] kill xfs_getattr,"xattr,vfs",3,7,160,Performance
2.6.26,[XFS] Remove VN_IS* macros and related cruft.,misc->code,0,0,0,Maintenance
2.6.26,[PATCH] r/o bind mounts: elevate count for xfs timestamp updates,"file,inode",2,8,8,Bug
2.6.26,[XFS] Fix merge failure,misc->code,1,4,2,Maintenance
2.6.26,[XFS] The forward declarations for the xfs_ioctl() helpers and the,misc->code,1,2,312,Maintenance
2.6.26,[XFS] Update XFS documentation for noikeep/ikeep.,misc->doc,1,2,1,Maintenance
2.6.26,[XFS] Update XFS Documentation for ikeep and ihashsize,misc->doc,1,6,8,Maintenance
2.6.26,[XFS] Remove unused HAVE_SPLICE macro.,misc->code,1,1,1,Maintenance
2.6.26,[XFS] Remove CONFIG_XFS_SECURITY.,misc->code,3,2,28,Maintenance
2.6.26,[XFS] xfs_bmap_compute_maxlevels should be based on di_forkoff,balloc,1,10,5,Bug
2.6.26,[XFS] Always use di_forkoff when checking for attr space.,xattr,1,1,1,Bug
2.6.26,[XFS] Ensure the inode is joined in xfs_itruncate_finish,inode,1,65,72,Bug
2.6.26,[XFS] Remove periodic logging of in-core superblock counters.,misc->code,3,1,16,Maintenance
2.6.26,[XFS] fix logic error in xfs_alloc_ag_vextent_near(),balloc,1,1,1,Bug
2.6.26,[XFS] Don't error out on good I/Os.,file,1,3,1,Bug
2.6.26,[XFS] Catch log unmount failures.,journal,1,3,3,Bug
2.6.26,[XFS] Sanitise xfs_log_force error checking.,"journal,file",3,30,8,Reliability
2.6.26,[XFS] Check for errors when changing buffer pointers.,journal,1,24,11,Bug
2.6.26,[XFS] Don't allow silent errors in xfs_inactive().,vfs,1,11,4,Reliability
2.6.26,[XFS] Catch errors from xfs_imap().,journal,1,3,1,Bug
2.6.26,[XFS] xfs_bulkstat_one_dinode() never returns an error.,misc->api,1,1,3,Maintenance
2.6.26,[XFS] xfs_iflush_fork() never returns an error.,misc->api,1,8,17,Maintenance
2.6.26,[XFS] Catch unwritten extent conversion errors.,file,1,6,2,Bug
2.6.26,[XFS] xfs_bdwrite() does not return errors.,misc->api,2,7,3,Maintenance
2.6.26,[XFS] Ensure xfs_bawrite() errors are checked.,"quota,journal,inode",5,28,6,Bug
2.6.26,[XFS] Ensure errors from xfs_bdstrat() are correctly checked.,misc->code,6,21,26,Maintenance
2.6.26,[XFS] remove bhv_vname_t and xfs_rename code,misc->code,12,183,203,Maintenance
2.6.26,[XFS] Catch errors returned from xfs_bmap_last_offset().,file,1,5,2,Bug
2.6.26,[XFS] Check for xfs_free_extent() failing.,journal,1,9,5,Bug
2.6.26,[XFS] Warn if errors come from block_truncate_page().,inode,1,9,1,Reliability
2.6.26,[XFS] xfs_bmap_adjacent() never returns an error.,misc->api,1,1,2,Maintenance
2.6.26,[XFS] Make xfs_alloc_compute_aligned() void.,misc->api,1,10,11,Maintenance
2.6.26,[XFS] Clean up xfs_alloc_search_busy() return values.,misc->code,1,12,18,Maintenance
2.6.26,[XFS] Propagate errors from xfs_trans_commit().,"quota,inode,journal,super,volume,vfs",8,115,88,Bug
2.6.26,[XFS] Propagate xfs_trans_reserve() errors.,journal,1,26,9,Bug
2.6.26,[XFS] Catch errors from xfs_acl_vremove().,xattr,1,1,1,Bug
2.6.26,[XFS] Catch errors from xfs_acl_setmode().,xattr,1,9,5,Bug
2.6.26,[XFS] Propagate quota file truncation errors.,quota,1,7,8,Bug
2.6.26,[XFS] Catch errors when turning off quotas.,quota,1,12,3,Bug
2.6.26,[XFS] Catch errors resetting quota flags.,quota,1,4,1,Bug
2.6.26,[XFS] Clean up quotamount error handling.,misc->code,2,15,15,Maintenance
2.6.26,[XFS] Check for dquot flush errors,quota,3,24,7,Bug
2.6.26,[XFS] Propagate xfs_qm_dqflush_all() errors.,quota,1,8,5,Bug
2.6.26,[XFS] xfs_qm_reset_dqcounts() does not return errors.,misc->code,1,2,4,Maintenance
2.6.26,[XFS] Report errors from xfs_reserve_blocks().,super,1,11,3,Reliability
2.6.26,[XFS] xfs_icsb_counter_disabled() never returns an error.,misc->code,1,3,5,Maintenance
2.6.26,[XFS] Remove useless whitespace in function prototypes,misc->code,1,6,6,Maintenance
2.6.26,[XFS] xfs_quiesce_fs() never returns an error. Mark it void.,misc->api,1,1,3,Maintenance
2.6.26,[XFS] Don't validate symlink target component length,misc->code,1,0,25,Maintenance
2.6.26,[XFS] replace remaining __FUNCTION__ occurrences,misc->api,12,41,41,Maintenance
2.6.26,[XFS] Replace __inline with inline,misc->api,3,5,5,Maintenance
2.6.26,[XFS] Fix lock inversion in forced shutdown.,journal,1,1,1,Bug
2.6.26,[XFS] Reorganise xlog_t for better cacheline isolation of contention,journal,2,32,28,Performance
2.6.26,[XFS] Remove the xlog_ticket allocator,"journal,vfs",3,21,137,Performance
2.6.26,[XFS] Per iclog callback chain lock,journal,2,45,23,Performance
2.6.26,[XFS] Prevent xfs_bmap_check_leaf_extents() referencing unmapped memory.,balloc,1,6,9,Bug
2.6.26,[XFS] remove most calls to VN_RELE,misc->api,6,21,19,Maintenance
2.6.26,[XFS] split xfs_ioc_xattr,misc->code,1,312,56,Maintenance
2.6.26,[XFS] cleanup root inode handling in xfs_fs_fill_super,misc->code,1,9,10,Maintenance
2.6.26,[XFS] Ensure a btree insert returns a valid cursor.,tree,1,36,2,Bug
2.6.26,[XFS] Account for inode cluster alignment in all allocations,inode,1,29,15,Bug
2.6.26,[XFS] Replace custom AIL linked-list code with struct list_head,journal,3,62,96,Bug
2.6.26,[XFS] Remove superflous xfs_readsb call in xfs_mountfs.,misc->code,1,0,5,Maintenance
2.6.26,[XFS] kill t_sema member of struct xfs_trans,misc->code,1,0,1,Maintenance
2.6.26,[XFS] cleanup vnode use in xfs_bmap.c,misc->code,1,0,2,Maintenance
2.6.26,[XFS] cleanup vnode use in xfs_iops.c,misc->code,1,16,18,Maintenance
2.6.26,[XFS] cleanup vnode use in xfs_lrw.c,misc->code,1,3,5,Maintenance
2.6.26,[XFS] cleanup vnode use in xfs_lookup,misc->code,4,10,11,Maintenance
2.6.26,[XFS] cleanup vnode use in xfs_symlink and xfs_rename,misc->code,4,33,48,Maintenance
2.6.26,[XFS] cleanup vnode use in xfs_link,misc->code,3,17,20,Maintenance
2.6.26,[XFS] cleanup vnode use in xfs_create/mknod/mkdir,misc->code,3,22,28,Maintenance
2.6.26,[XFS] cleanup vnode use in dmapi calls,misc->code,7,54,64,Maintenance
2.6.26,[XFS] Use power-of-2 sized buffers to reduce overhead,other,2,15,8,Performance
2.6.26,[XFS] Use atomic counters for ktrace buffer indexes,other,2,9,14,Performance
2.6.26,[XFS] Update c/mtime correctly on truncates,vfs,1,9,4,Bug
2.6.26,[XFS] don't encode parent in nfs filehandles unless nessecary,misc->code,1,1,1,Maintenance
2.6.26,[XFS] kill xfs_rwlock/xfs_rwunlock,misc->code,6,16,76,Maintenance
2.6.26,[XFS] kill xfs_get_dir_entry,misc->code,5,14,74,Maintenance
2.6.26,[XFS] vnode cleanup in xfs_fs_subr.c,misc->code,1,11,25,Maintenance
2.6.26,[XFS] cleanup xfs_vn_mknod,misc->code,1,30,37,Maintenance
2.6.26,[XFS] Use atomics for iclog reference counting,journal,2,21,17,Performance
2.6.26,[XFS] Prevent AIL lock contention during transaction completion,journal,1,6,9,Performance
2.6.26,[XFS] Use xfs_inode_clean() in more places,misc->api,3,14,25,Maintenance
2.6.26,[XFS] Remove the xfs_icluster structure,"inode,vfs",4,156,182,Performance
2.6.26,[XFS] Don't block pdflush when writing back inodes,"inode,vfs,super,journal",8,105,105,Performance
2.6.26,[XFS] Factor xfs_itobp() and xfs_inotobp().,misc->api,1,106,155,Maintenance
2.6.26,[XFS] Fix regression due to refcache removal,vfs,1,3,1,Bug
2.6.26,[XFS] Remove the xfs_refcache,misc->code,5,2,62,Maintenance
2.6.26,[XFS] make inode reclaim synchronise with xfs_iflush_done(),vfs,1,8,14,Bug
2.6.26,"[XFS] actually check error returned by xfs_flush_pages, clean up and",balloc,1,4,0,Bug
2.6.27,[XFS] Remove xfs_iext_irec_compact_full(),inode,1,3,92,Bug
2.6.27,[XFS] Fix extent list corruption in xfs_iext_irec_compact_full().,inode,1,1,0,Bug
2.6.27,[XFS] Don't do I/O beyond eof when unreserving space,vfs,1,18,0,Reliability
2.6.27,[XFS] Fix use-after-free with buffers,journal,1,20,24,Bug
2.6.27,[XFS] Prevent lockdep false positives when locking two inodes.,"extent,vfs",2,16,1,Reliability
2.6.27,[XFS] Fix barrier status change detection.,journal,1,1,1,Bug
2.6.27,[XFS] Prevent direct I/O from mapping extents beyond eof,file,1,4,0,Bug
2.6.27,[XFS] Fix regression introduced by remount fixup,super,1,3,92,Bug
2.6.0,[XFS] Fix extent list corruption in xfs_iext_irec_compact_full().  1  20   0,unknown,0,0,0,Maintenance
2.6.27,[XFS] Move memory allocations for log tracing out of the critical path,journal,2,40,21,Bug
2.6.27,[XFS] Fix use after free in xfs_log_done().,journal,1,5,8,Bug
2.6.27,[XFS] Make xfs_bmap_*_count_leaves void.,misc->api,0,0,0,Maintenance
2.6.27,[XFS] Use KM_NOFS for debug trace buffers,"inode,journal,quota,file,balloc",6,11,11,Bug
2.6.27,[XFS] use KM_MAYFAIL in xfs_mountfs,super,1,4,2,Reliability
2.6.27,[XFS] refactor xfs_mount_free,misc->code,1,5,16,Maintenance
2.6.27,[XFS] don't call xfs_freesb from xfs_unmountfs,misc->code,2,2,3,Maintenance
2.6.27,[XFS] xfs_unmountfs should return void,misc->api,2,6,8,Maintenance
2.6.27,[XFS] cleanup xfs_mountfs,misc->code,10,27,50,Maintenance
2.6.27,[XFS] move root inode IRELE into xfs_unmountfs,super,2,2,4,Bug
2.6.27,[XFS] stop using file_update_time,misc->code,3,1,45,Maintenance
2.6.27,[XFS] optimize xfs_ichgtime,inode,1,13,6,Performance
2.6.27,[XFS] update timestamp in xfs_ialloc manually,misc->code,4,9,21,Maintenance
2.6.27,[XFS] remove the sema_t from XFS.,misc->code,2,1,53,Maintenance
2.6.27,[XFS] replace dquot flush semaphore with a completion,misc->api,4,38,41,Maintenance
2.6.27,[XFS] replace inode flush semaphore with a completion,misc->api,4,39,40,Maintenance
2.6.27,[XFS] replace the XFS buf iodone semaphore with a completion,misc->api,4,7,7,Maintenance
2.6.27,[XFS] clean up stale references to semaphores,misc->code,3,39,42,Maintenance
2.6.27,[XFS] use get_unaligned_* helpers,misc->api,0,0,0,Maintenance
2.6.27,[XFS] Fix compile failure in xfs_buf_trace(),misc->compile,1,1,1,Maintenance
2.6.27,[XFS] Use the same btree_cur union member for alloc and inobt trees.,misc->code,3,26,30,Maintenance
2.6.27,[XFS] small cleanups in xfs_btree.c,misc->code,1,30,57,Maintenance
2.6.27,[XFS] sanitize xfs_initialize_vnode,misc->code,6,111,126,Maintenance
2.6.27,[XFS] kill bhv_vnode_t,misc->code,11,36,38,Maintenance
2.6.27,[XFS] remove some easy bhv_vnode_t instances,misc->code,6,17,37,Maintenance
2.6.27,[XFS] kill xfs_lock_dir_and_entry,"extent,vfs",3,44,133,Performance
2.6.27,[XFS] kill INDUCE_IO_ERROR,misc->code,3,4,15,Maintenance
2.6.27,[XFS] implement IHOLD/IRELE directly,misc->code,3,11,36,Maintenance
2.6.27,[XFS] remove remaining VN_HOLD calls,misc->api,3,5,9,Maintenance
2.6.27,[XFS] remove spurious VN_HOLD/VN_RELE calls from xfs_acl.c,misc->code,1,0,6,Maintenance
2.6.27,[XFS] kill vn_to_inode,misc->code,5,18,28,Maintenance
2.6.27,[XFS] Remove vn_from_inode(),misc->code,2,2,7,Maintenance
2.6.27,[XFS] remove shouting-indirection macros from xfs_trans.h,misc->code,5,48,59,Maintenance
2.6.27,[XFS] convert xfs to use ERR_CAST,misc->api,1,2,2,Maintenance
2.6.27,[XFS] remove INT_GET and friends,misc->code,1,0,68,Maintenance
2.6.27,[XFS] Move xfs_attr_rolltrans to xfs_trans_roll,misc->code,5,92,79,Maintenance
2.6.27,[XFS] don't leak m_fsname/m_rtname/m_logname,super,2,41,17,Bug
2.6.27,[XFS] Move attr log alloc size calculator to another function.,misc->code,2,49,32,Maintenance
2.6.27,[XFS] Use KM_NOFS for incore inode extent tree allocation V2,inode,1,7,9,Bug
2.6.27,[XFS] XFS: Kill xfs_vtoi(),misc->api,4,11,17,Maintenance
2.6.27,[XFS] Kill shouty XFS_ITOV() macro,misc->api,13,23,24,Maintenance
2.6.27,[XFS] kill shouty XFS_ITOV_NULL macro,misc->api,6,6,7,Maintenance
2.6.27,[XFS] Avoid directly referencing the VFS inode.,misc->api,9,41,30,Maintenance
2.6.27,[XFS] Do not access buffers after dropping reference count,file,1,1,5,Bug
2.6.27,[XFS] Use the generic bitops rather than implementing them ourselves.,misc->api,3,37,119,Maintenance
2.6.27,[XFS] Remove vn_revalidate calls in xfs.,misc->code,6,39,73,Maintenance
2.6.27,[XFS] Now that xfs_setattr is only used for attributes set from ->setattr,misc->code,7,102,231,Maintenance
2.6.27,[XFS] xfs_setattr currently doesn't just handle the attributes set through,misc->code,3,311,212,Maintenance
2.6.27,[XFS] fix use after free with external logs or real-time devices,super,1,4,2,Bug
2.6.27,[XFS] A bug was found in xfs_bmap_add_extent_unwritten_real(). In a,balloc,1,2,2,Bug
2.6.27,[XFS] fix compilation without CONFIG_PROC_FS,misc->compile,1,4,3,Maintenance
2.6.27,[XFS] s/XFS_PURGE_INODE/IRELE/g s/VN_HOLD(XFS_ITOV())/IHOLD()/,misc->api,3,7,10,Maintenance
2.6.27,[XFS] fix mount option parsing in remount,super,1,54,18,Bug
2.6.27,[XFS] Disable queue flag test in barrier check.,super,1,0,8,Bug
2.6.27,[XFS] streamline init/exit path,misc->code,14,318,221,Maintenance
2.6.27,[XFS] Fix up problem when CONFIG_XFS_POSIX_ACL is not set and yet we still,misc->code,1,2,2,Maintenance
2.6.27,[XFS] Don't assert if trying to mount with blocksize > pagesize,super,1,13,13,Bug
2.6.27,[XFS] Don't update mtime on rename source,dir,1,9,13,Bug
2.6.27,[XFS] Allow xfs_bmbt_split() to fallback to the lowspace allocator,tree,1,15,0,Reliability
2.6.27,[XFS] Restore the lowspace extent allocator algorithm,misc->code,2,18,3,Maintenance
2.6.27,[XFS] use minleft when allocating in xfs_bmbt_split(),"tree,file",2,24,1,Bug
2.6.27,[XFS] attrmulti cleanup,misc->code,3,4,17,Maintenance
2.6.27,[XFS] Check for invalid flags in xfs_attrlist_by_handle.,ioctl,1,6,0,Bug
2.6.27,[XFS] Fix CI lookup in leaf-form directories,dir,1,25,24,Bug
2.6.27,[XFS] Use the generic xattr methods.,misc->api,1,333,0,Maintenance
2.6.27,[XFS] Always reset btree cursor after an insert,"balloc,tree",2,14,37,Bug
2.6.27,[XFS] Convert ASSERTs to XFS_WANT_CORRUPTED_GOTOs,balloc,1,51,50,Reliability
2.6.27,[XFS] Fix returning case-preserved name with CI node form directories,dir,1,43,26,Bug
2.6.27,[XFS] Don't update i_size for directories and special files,misc->code,1,13,48,Maintenance
2.6.27,[XFS] Merge xfs_rmdir into xfs_remove,misc->code,3,102,278,Maintenance
2.6.27,[XFS] Fix up warning for xfs_vn_listxatt's call of list_one_attr() with,misc->compile,1,1,1,Maintenance
2.6.27,[XFS] fix extent corruption in xfs_iext_irec_compact_full(),inode,1,47,23,Bug
2.6.27,[XFS] make inode reclaim wait for log I/O to complete,"vfs,inode",2,8,24,Bug
2.6.27,[XFS] Switches xfs_vn_listxattr to set it's put_listent callback directly,misc->code,5,84,203,Maintenance
2.6.27,[XFS] Factor out code for whether inode has attributes or not.,misc->api,1,23,28,Maintenance
2.6.27,[XFS] Pack some shortform dir2 structures for the ARM old ABI,dir,2,10,3,Bug
2.6.27,[XFS] Use the generic xattr methods.,misc->api,7,18,395,Maintenance
2.6.27,[XFS] Invalidate dentry in unlink/rmdir if in case-insensitive mode,misc->code,1,14,0,Maintenance
2.6.27,[XFS] Zero uninitialised xfs_da_args structure in xfs_dir2.c,dir,1,5,5,Bug
2.6.27,[XFS] Remove d_add call for an ENOENT lookup return code,misc->code,1,5,1,Maintenance
2.6.27,[XFS] kmem_free and kmem_realloc to use const void *,misc->api,2,4,4,Maintenance
2.6.27,[XFS] XFS: ASCII case-insensitive support,"super,dir,resize",6,68,4,Feature
2.6.27,[XFS] Return case-insensitive match for dentry cache,dir,12,146,29,Feature
2.6.27,[XFS] Add op_flags field and helpers to xfs_da_args,misc->code,10,71,58,Maintenance
2.6.27,[XFS] Name operation vector for hash and compare,misc->code,9,174,67,Maintenance
2.6.27,[XFS] add missing call to xfs_filestream_unmount on xfs_mountfs failure,super,1,3,1,Bug
2.6.27,[XFS] rename error2 goto label in xfs_fs_fill_super,misc->code,1,6,7,Maintenance
2.6.27,[XFS] kill calls to xfs_binval in the mount error path,misc->code,1,2,8,Maintenance
2.6.27,[XFS] kill xfs_mount_init,misc->code,3,29,46,Maintenance
2.6.27,[XFS] allow xfs_args_allocate to fail,misc->code,1,17,6,Maintenance
2.6.27,[XFS] add xfs_setup_devices helper,misc->api,1,35,23,Maintenance
2.6.27,[XFS] sort out opening and closing of the block devices,misc->code,6,123,95,Maintenance
2.6.27,[XFS] don't call xfs_freesb from xfs_mountfs failure case,super,1,0,1,Bug
2.6.27,[XFS] merge xfs_mount into xfs_fs_fill_super,misc->code,3,355,376,Maintenance
2.6.27,[XFS] merge xfs_unmount into xfs_fs_put_super / xfs_fs_fill_super,misc->code,3,67,92,Maintenance
2.6.27,[XFS] kill xfs_igrow_start and xfs_igrow_finish,misc->code,3,12,67,Maintenance
2.6.27,[XFS] merge xfs_mntupdate into xfs_fs_remount,misc->code,3,21,28,Maintenance
2.6.27,[XFS] kill xfs_uuid_unmount,misc->code,1,2,13,Maintenance
2.6.27,[XFS] Update valid fields in xfs_mount_log_sb(),super,1,2,1,Bug
2.6.27,[XFS] Kill attr_capable checks as already done in xattr_permission.,misc->code,3,1,55,Maintenance
2.6.27,[XFS] Convert l_flushsema to a sv_t,misc->code,2,15,20,Maintenance
2.6.27,[XFS] Ensure that 2 GiB xfs logs work properly.,journal,1,10,6,Reliability
2.6.27,[XFS] Remove unused wbc parameter from xfs_start_page_writeback(),misc->api,1,2,3,Maintenance
2.6.27,[XFS] Remove unused Falgs parameter from xfs_qm_dqpurge(),misc->api,3,3,4,Maintenance
2.6.27,[XFS] Remove unused arg from kmem_free(),misc->api,31,122,138,Maintenance
2.6.27,[XFS] Fix up noattr2 so that it will properly update the versionnum and,"super,vfs",6,29,2,Bug
2.6.27,[XFS] Split xfs_dir2_leafn_lookup_int into its two pieces of functionality,misc->code,1,202,156,Maintenance
2.6.28,[XFS] Fix hang after disallowed rename across directory quota domains,dir,1,1,1,Bug
2.6.28,[XFS] XFS: Check for valid transaction headers in recovery,journal,1,7,1,Reliability
2.6.28,[XFS] handle memory allocation failures during log initialisation,journal,1,36,3,Bug
2.6.28,[XFS] Account for allocated blocks when expanding directories,"tree,dir",2,11,0,Bug
2.6.28,[XFS] Wait for all I/O on truncate to zero file size,inode,1,1,1,Bug
2.6.28,[XFS] Fix use-after-free with log and quotas,super,1,3,2,Bug
2.6.28,[PATCH] Remove XFS buffered readdir hack,misc->code,0,0,0,Maintenance
2.6.28,xfs: fix remount rw with unrecognized options,super,1,1,1,Bug
2.6.29,xfs: only issues a cache flush on unmount if barriers are enabled,"file,super",3,16,8,Bug
2.6.29,xfs: prevent lockdep false positive in xfs_iget_cache_miss,inode,1,10,5,Bug
2.6.29,xfs: prevent kernel crash due to corrupted inode log format,journal,1,13,4,Reliability
2.6.29,"Revert ""[XFS] remove old vmap cache""",file,1,74,1,Bug
2.6.29,"Revert ""[XFS] use scalable vmap API""",file,1,3,3,Bug
2.6.29,[XFS] Warn on transaction in flight on read-only remount,file,1,5,1,Reliability
2.6.29,xfs: Check buffer lengths in log recovery,journal,1,25,6,Reliability
2.6.29,don't reallocate sxp variable passed into xfs_swapext,extent,1,1,9,Bug
2.6.29,[XFS] Long btree pointers are still 64 bit on disk,tree,1,5,5,Bug
2.6.29,[XFS] Remove the rest of the macro-to-function indirections.,misc->code,23,142,158,Maintenance
2.6.29,xfs: sanity check attr fork size,inode,1,13,0,Reliability
2.6.29,xfs: fix bad_features2 fixups for the root filesystem,super,3,32,14,Bug
2.6.29,xfs: add a lock class for group/project dquots,quota,1,11,1,Reliability
2.6.29,xfs: lockdep annotations for xfs_dqlock2,quota,2,24,10,Reliability
2.6.29,xfs: add a separate lock class for the per-mount list of dquots,quota,1,9,0,Reliability
2.6.29,xfs: use mnt_want_write in compat_attrmulti ioctl,misc->code,1,9,0,Maintenance
2.6.29,xfs: fix dentry aliasing issues in open_by_handle,ioctl,4,196,300,Bug
2.6.29,[XFS] Update maintainers,misc->doc,1,2,2,Maintenance
2.6.29,[XFS] use scalable vmap API,file,1,3,3,Performance
2.6.29,[XFS] remove old vmap cache,misc->code,1,74,1,Maintenance
2.6.29,[XFS] make xfs_ino_t an unsigned long long,misc->compile,1,1,1,Maintenance
2.6.29,[XFS] truncate readdir offsets to signed 32 bit values,dir,3,15,13,Bug
2.6.29,[XFS] fix compile of xfs_btree_readahead_lblock on m68k,misc->compile,1,2,2,Maintenance
2.6.29,[XFS] Remove macro-to-function indirections in the mask code,misc->code,3,44,52,Maintenance
2.6.29,[XFS] Remove macro-to-function indirections in attr code,misc->code,2,36,48,Maintenance
2.6.29,[XFS] Remove several unused typedefs.,misc->code,3,0,5,Maintenance
2.6.29,[XFS] pass XFS_IGET_BULKSTAT to xfs_iget for handle operations,support,1,19,4,Bug
2.6.29,[XFS] Fix merge failures,misc->code,0,0,0,Maintenance
2.6.29,[XFS] Fix race in xfs_write() between direct and buffered I/O with DMAPI,file,1,12,15,Bug
2.6.29,[XFS] handle unaligned data in xfs_bmbt_disk_get_all,misc->code,1,2,1,Maintenance
2.6.29,[XFS] avoid memory allocations in xfs_fs_vcmn_err,other,4,40,26,Bug
2.6.29,[XFS] Fix speculative allocation beyond eof,file,1,7,21,Bug
2.6.29,[XFS] Remove XFS_BUF_SHUT() and friends,misc->code,3,1,20,Maintenance
2.6.29,[XFS] Use the incore inode size in xfs_file_readdir(),file,1,1,1,Bug
2.6.29,[XFS] Fix merge conflict in fs/xfs/xfs_rename.c,misc->code,0,0,0,Maintenance
2.6.29,[XFS] set b_error from bio error in xfs_buf_bio_end_io,file,1,1,2,Bug
2.6.29,[XFS] use inode_change_ok for setattr permission checking,misc->code,1,36,113,Maintenance
2.6.29,[XFS] add a FMODE flag to make XFS invisible I/O less hacky,misc->code,7,71,178,Maintenance
2.6.29,[XFS] resync headers with libxfs,misc->code,4,12,11,Maintenance
2.6.29,[XFS] simplify projid check in xfs_rename,misc->code,1,11,38,Maintenance
2.6.29,[XFS] replace b_fspriv with b_mount,misc->code,6,19,32,Maintenance
2.6.29,[XFS] Remove unused tracing code,misc->code,2,0,3,Maintenance
2.6.29,[XFS] Remove unnecessary assertion,file,1,0,2,Bug
2.6.29,[XFS] Remove unused variable in ktrace_free(),misc->code,1,2,7,Maintenance
2.6.29,[XFS] Check return value of xfs_buf_get_noaddr(),vfs,1,2,0,Bug
2.6.29,[XFS] Fix hang after disallowed rename across directory quota domains,dir,1,1,1,Bug
2.6.29,move inode tracing out of xfs_vnode.,misc->code,5,93,131,Maintenance
2.6.29,move vn_iowait / vn_iowake into xfs_aops.c,misc->code,8,48,54,Maintenance
2.6.29,kill vn_ioerror,misc->code,3,13,21,Maintenance
2.6.29,kill xfs_unmount_flush,misc->code,5,10,90,Maintenance
2.6.29,[XFS] Fix compile with CONFIG_COMPAT enabled,misc->compile,1,1,1,Maintenance
2.6.29,no explicit xfs_iflush for special inodes during unmount,"quota,vfs",5,15,106,Performance
2.6.29,use xfs_trans_ijoin in xfs_trans_iget,misc->api,1,1,29,Maintenance
2.6.29,remove leftovers of shared read-only support,misc->code,3,0,57,Maintenance
2.6.29,remove unused m_inode_quiesce member from struct xfs_mount,misc->code,1,0,1,Maintenance
2.6.29,kill dead inode flags,misc->code,6,11,34,Maintenance
2.6.29,cleanup xfs_sb.h feature flag helpers,misc->code,1,86,80,Maintenance
2.6.29,kill dead quota flags,misc->code,1,3,5,Maintenance
2.6.29,remove dead code from sv_t implementation,misc->code,1,4,18,Maintenance
2.6.29,reduce l_icloglock roundtrips,journal,1,6,7,Performance
2.6.29,stop using igrab in xfs_vn_link,misc->code,1,3,6,Maintenance
2.6.29,kill xfs_buf_iostart,misc->code,2,50,56,Maintenance
2.6.29,cleanup the inode reclaim path,misc->code,4,86,117,Maintenance
2.6.29,remove unused prototypes for xfs_ihash_init / xfs_ihash_free,misc->code,1,0,2,Maintenance
2.6.29,remove unused behvavior cruft in xfs_super.h,misc->code,1,0,12,Maintenance
2.6.29,remove useless mnt_want_write call in xfs_write,misc->code,1,1,9,Maintenance
2.6.29,[XFS] fix compile on 32 bit systems,misc->compile,3,13,4,Maintenance
2.6.29,[XFS] Reorder xfs_ioctl32.c for some tidiness,misc->code,1,36,42,Maintenance
2.6.29,[XFS] Hook up compat XFS_IOC_FSSETDM_BY_HANDLE ioctl handler,misc->code,2,51,1,Maintenance
2.6.29,[XFS] Hook up compat XFS_IOC_ATTRMULTI_BY_HANDLE ioctl handler,misc->code,4,136,7,Maintenance
2.6.29,[XFS] Hook up compat XFS_IOC_ATTRLIST_BY_HANDLE ioctl handler,misc->code,2,147,1,Maintenance
2.6.29,[XFS] Fix compat XFS_IOC_FSBULKSTAT_SINGLE ioctl,ioctl,1,10,3,Bug
2.6.29,[XFS] Fix xfs_bulkstat_one size checks & error handling,"inode,ioctl",3,39,28,Bug
2.6.29,[XFS] Make the bulkstat_one compat ioctl handling more sane,misc->code,3,56,16,Maintenance
2.6.29,[XFS] Add compat handlers for data & rt growfs ioctls,ioctl,2,54,0,Feature
2.6.29,[XFS] Add compat handlers for swapext ioctl,ioctl,2,69,5,Feature
2.6.29,[XFS] Clean up some existing compat ioctl calls,misc->code,3,171,91,Maintenance
2.6.29,[XFS] Move compat ioctl structs & numbers into xfs_ioctl32.h,misc->code,3,150,139,Maintenance
2.6.29,[XFS] Move copy_from_user calls out of ioctl helpers into ioctl switch.,misc->code,5,63,64,Maintenance
2.6.29,[XFS] fix error handling in xlog_recover_process_one_iunlink,journal,1,5,13,Bug
2.6.29,[XFS] move inode allocation out xfs_iread,misc->code,3,91,104,Maintenance
2.6.29,[XFS] kill the XFS_IMAP_BULKSTAT flag,misc->code,5,5,11,Maintenance
2.6.29,[XFS] embededd struct xfs_imap into xfs_inode,misc->code,7,33,71,Maintenance
2.6.29,[XFS] merge xfs_imap into xfs_dilocate,misc->code,5,88,120,Maintenance
2.6.29,[XFS] remove dead code for old inode item recovery,misc->code,4,10,33,Maintenance
2.6.29,[XFS] stop using xfs_itobp in xfs_iread,misc->code,3,37,49,Maintenance
2.6.29,[XFS] split up xlog_recover_process_iunlinks,misc->code,1,66,68,Maintenance
2.6.29,[XFS] kill XFS_DINODE_VERSION_ defines,misc->code,7,20,25,Maintenance
2.6.29,[XFS] kill xfs_dinode_core_t,misc->code,9,124,141,Maintenance
2.6.29,[XFS] kill xfs_ialloc_log_di,misc->code,2,10,99,Maintenance
2.6.29,[XFS] sanitize xlog_in_core_t definition,misc->code,3,19,46,Maintenance
2.6.29,[XFS] factor out xfs_read_agf helper,misc->api,3,61,36,Maintenance
2.6.29,[XFS] factor out xfs_read_agi helper,misc->api,4,98,135,Maintenance
2.6.29,[XFS] remove i_gen from incore inode,misc->code,3,4,38,Maintenance
2.6.29,[XFS] remove xfs_vfsops.h,misc->code,4,0,17,Maintenance
2.6.29,[XFS] remove xfs_vfs.h,misc->code,5,13,46,Maintenance
2.6.29,[XFS] remove bhv_statvfs_t typedef,misc->code,3,3,5,Maintenance
2.6.29,[XFS] Hook up the fiemap ioctl.,inode,1,84,0,Feature
2.6.29,[XFS] Add new getbmap flags.,misc->code,2,37,15,Maintenance
2.6.29,[XFS] convert xfs_getbmap to take formatter functions,misc->code,4,71,78,Maintenance
2.6.29,[XFS] fix uninitialised variable bug in dquot release.,misc->compile,1,18,21,Maintenance
2.6.29,[XFS] fix error inversion problems with data flushing,"other,file,super,vfs",5,32,9,Bug
2.6.29,[XFS] fix spurious gcc warnings,misc->compile,2,3,4,Maintenance
2.6.29,[XFS] allow inode64 mount option on 32 bit systems,misc->code,1,2,8,Maintenance
2.6.29,[XFS] wire up ->open for directories,misc->code,3,31,26,Maintenance
2.6.29,[XFS] fix NULL pointer dereference in xfs_log_force_umount,journal,1,5,2,Bug
2.6.29,[XFS] Fix double free of log tickets,"balloc,inode,journal,other,vfs",8,66,19,Bug
2.6.29,[XFS] Avoid using inodes that haven't been completely initialised,"file,quota,inode",3,9,3,Bug
2.6.29,[XFS] fix uninitialised variable bug in dquot release,quota,1,24,18,Bug
2.6.29,[XFS] Fix race when looking up reclaimable inodes,inode,2,23,10,Bug
2.6.29,[XFS] remove restricted chown parameter from xfs linux,misc->code,6,3,30,Maintenance
2.6.29,[XFS] remove restricted chown parameter from xfs linux,misc->code,2,0,5,Maintenance
2.6.29,[XFS] kill sys_cred,misc->code,8,9,30,Maintenance
2.6.29,[XFS] correctly select first log item to push,journal,1,1,1,Bug
2.6.29,[XFS] free partially initialized inodes using destroy_inode,inode,3,29,11,Performance
2.6.29,[XFS] stop using xfs_itobp in xfs_bulkstat,inode,3,19,21,Bug
2.6.29,[XFS] avoid all reclaimable inodes in xfs_sync_inodes_ag,file,1,18,57,Reliability
2.6.29,[XFS] Can't lock inodes in radix tree preload region,inode,1,11,7,Bug
2.6.29,[XFS] Trivial xfs_remove comment fixup,misc->code,1,2,2,Maintenance
2.6.29,[XFS] fix biosize option,misc->code,1,1,1,Maintenance
2.6.29,[XFS] fix the noquota mount option,misc->code,1,1,0,Maintenance
2.6.29,[XFS] kill struct xfs_mount_args,misc->code,8,195,426,Maintenance
2.6.29,[XFS] Finish removing the mount pointer from the AIL API,misc->code,14,91,119,Maintenance
2.6.29,[XFS] Add ail pointer into log items,misc->code,6,40,14,Maintenance
2.6.29,[XFS] Given the log a pointer to the AIL,misc->code,3,24,22,Maintenance
2.6.29,[XFS] Move the AIL lock into the struct xfs_ail,misc->code,12,59,58,Maintenance
2.6.29,[XFS] Allow 64 bit machines to avoid the AIL lock during flushes,"quota,inode,journal",3,32,14,Performance
2.6.29,[XFS] move the AIl traversal over to a consistent interface,misc->api,5,58,92,Maintenance
2.6.29,[XFS] Use a cursor for AIL traversal.,journal,4,218,109,Performance
2.6.29,[XFS] Allocate the struct xfs_ail,misc->code,4,77,65,Maintenance
2.6.29,[XFS] Prevent looping in xfs_sync_inodes_ag,file,1,22,4,Bug
2.6.29,[XFS] kill deleted inodes list,misc->code,8,10,29,Maintenance
2.6.29,[XFS] use the inode radix tree for reclaiming inodes,file,1,71,10,Performance
2.6.29,[XFS] mark inodes for reclaim via a tag in the inode radix tree,misc->code,5,54,0,Maintenance
2.6.29,[XFS] rename inode reclaim functions,misc->code,4,9,9,Maintenance
2.6.29,[XFS] move inode reclaim functions to xfs_sync.c,misc->code,4,94,92,Maintenance
2.6.29,[XFS] Fix build warning - xfs_fs_alloc_inode() needs a return statement,misc->compile,1,1,0,Maintenance
2.6.29,[XFS] Prevent use-after-free caused by synchronous inode reclaim,super,1,14,18,Bug
2.6.29,[XFS] Combine the XFS and Linux inodes,misc->code,7,108,203,Maintenance
2.6.29,[XFS] Never call mark_inode_dirty_sync() directly,misc->code,3,3,3,Maintenance
2.6.29,[XFS] factor xfs_iget_core() into hit and miss cases,misc->code,1,191,157,Maintenance
2.6.29,[XFS] fix instant oops with tracing enabled,inode,1,1,1,Bug
2.6.29,[XFS] Move remaining quiesce code.,misc->code,5,59,59,Maintenance
2.6.29,[XFS] Kill xfs_sync(),misc->code,4,29,153,Maintenance
2.6.29,[XFS] Kill SYNC_CLOSE,misc->code,3,2,40,Maintenance
2.6.29,[XFS] make SYNC_DELWRI no longer use xfs_sync,misc->code,4,50,21,Maintenance
2.6.29,[XFS] make SYNC_ATTR no longer use xfs_sync,misc->code,4,14,15,Maintenance
2.6.29,[XFS] xfssyncd: don't call xfs_sync,misc->code,1,14,2,Maintenance
2.6.29,[XFS] kill xfs_syncsub,misc->code,1,62,79,Maintenance
2.6.29,[XFS] use xfs_sync_inodes rather than xfs_syncsub,misc->code,5,16,25,Maintenance
2.6.29,[XFS] Use struct inodes instead of vnodes to kill vn_grab,misc->code,4,37,43,Maintenance
2.6.29,[XFS] split out two helpers from xfs_syncsub,misc->api,1,93,69,Maintenance
2.6.29,[XFS] Move XFS_BMAP_SANITY_CHECK out of line.,misc->code,2,19,10,Maintenance
2.6.29,[XFS] Always use struct xfs_btree_block instead of short / longform,misc->code,15,164,186,Maintenance
2.6.29,[XFS] cleanup btree record / key / ptr addressing macros.,misc->code,9,113,97,Maintenance
2.6.29,[XFS] remove the mount inode list,misc->code,4,1,55,Maintenance
2.6.29,[XFS] Cleanup maxrecs calculation.,misc->code,13,158,122,Maintenance
2.6.29,[XFS] Traverse inode trees when releasing dquots,misc->code,1,59,68,Maintenance
2.6.29,[XFS] Use the inode tree for finding dirty inodes,file,1,101,260,Performance
2.6.29,[XFS] don't block in xfs_qm_dqflush() during async writeback.,quota,1,5,7,Performance
2.6.29,[XFS] Remove xfs_iflush_all and clean up xfs_finish_reclaim_all(),misc->code,6,22,64,Maintenance
2.6.29,[XFS] move xfssyncd code to xfs_sync.c,misc->code,6,223,182,Maintenance
2.6.29,[XFS] move sync code to its own file,misc->code,6,615,560,Maintenance
2.6.29,[XFS] Show buffer address with debug hexdump on corruption,misc->code,1,1,1,Maintenance
2.6.29,[XFS] Check agf_btreeblks is valid when reading in the AGF,balloc,1,4,0,Reliability
2.6.29,[XFS] Sync up kernel and user-space headers,misc->code,14,383,389,Maintenance
2.6.29,[XFS] Make xfs_btree_check_ptr() debug-only code.,misc->code,1,2,0,Maintenance
2.6.29,"[XFS] Fix build brakage from patch ""Clean up dquot pincount code""",misc->compile,0,0,0,Maintenance
2.6.29,[XFS] Clean up dquot pincount code.,misc->code,5,16,34,Maintenance
2.6.29,[XFS] make btree tracing generic,misc->code,2,365,0,Maintenance
2.6.29,[XFS] mark various functions in xfs_btree.c static,misc->api,2,11,78,Maintenance
2.6.29,[XFS] add keys_inorder and recs_inorder btree methods,misc->code,6,135,161,Maintenance
2.6.29,[XFS] kill xfs_bmbt_log_block and xfs_bmbt_log_recs,misc->code,5,10,96,Maintenance
2.6.29,[XFS] implement generic xfs_btree_get_rec,misc->code,9,91,101,Maintenance
2.6.29,[XFS] implement generic xfs_btree_delete/delrec,misc->code,11,723,1839,Maintenance
2.6.29,[XFS] move xfs_bmbt_killroot to common code,misc->code,5,185,94,Maintenance
2.6.29,[XFS] implement generic xfs_btree_insert/insrec,misc->code,11,494,873,Maintenance
2.6.29,[XFS] move xfs_bmbt_newroot to common code,misc->code,5,104,119,Maintenance
2.6.29,[XFS] implement semi-generic xfs_btree_new_root,misc->code,4,172,305,Maintenance
2.6.29,[XFS] implement generic xfs_btree_split,misc->code,5,460,503,Maintenance
2.6.29,[XFS] implement generic xfs_btree_lshift,misc->code,5,192,425,Maintenance
2.6.29,[XFS] implement generic xfs_btree_rshift,misc->code,5,331,408,Maintenance
2.6.29,[XFS] implement generic xfs_btree_update,misc->code,11,228,182,Maintenance
2.6.29,[XFS] implement generic xfs_btree_updkey,misc->code,5,103,134,Maintenance
2.6.29,[XFS] implement generic xfs_btree_lookup,misc->code,12,487,735,Maintenance
2.6.29,[XFS] implement generic xfs_btree_decrement,misc->code,11,137,292,Maintenance
2.6.29,[XFS] implement generic xfs_btree_increment,misc->code,12,262,305,Maintenance
2.6.29,[XFS] add helpers for addressing entities inside a btree block,misc->code,5,152,0,Maintenance
2.6.29,[XFS] add get_maxrecs btree operation,misc->code,5,32,27,Maintenance
2.6.29,[XFS] make btree tracing generic,misc->code,10,309,266,Maintenance
2.6.29,[XFS] add new btree statistics,misc->code,3,97,0,Maintenance
2.6.29,[XFS] refactor btree validation helpers,misc->api,2,155,138,Maintenance
2.6.29,[XFS] refactor xfs_btree_readahead,misc->api,3,76,72,Maintenance
2.6.29,[XFS] add a long pointers flag to xfs_btree_cur,misc->code,3,5,9,Maintenance
2.6.29,[XFS] make btree root in inode support generic,misc->code,3,33,20,Maintenance
2.6.29,[XFS] add generic btree types,misc->code,1,25,0,Maintenance
2.6.29,[XFS] split up xfs_btree_init_cursor,misc->code,12,196,158,Maintenance
2.6.29,[XFS] kill struct xfs_btree_hdr,misc->code,2,7,12,Maintenance
2.6.29,[XFS] Unlock inode before calling xfs_idestroy(),inode,1,6,3,Bug
2.6.29,[XFS] Remove final remnants of dirv1 macros and other stuff,misc->code,2,0,21,Maintenance
2.6.29,[XFS] Use xfs_idestroy() to cleanup an inode.,misc->code,1,1,1,Maintenance
2.6.29,[XFS] Remove kmem_zone_t argument from xfs_inode_init_once(),misc->code,1,0,1,Maintenance
2.6.29,[XFS] Make use of the init-once slab optimisation.,"super,inode",5,119,59,Performance
2.6.30,xfs: prevent deadlock in xfs_qm_shake(),other,1,1,1,Bug
2.6.30,xfs: fix overflow in xfs_growfs_data_private,resize,1,1,1,Bug
2.6.30,xfs: fix double unlock in xfs_swap_extents(),extent,1,5,3,Bug
2.6.30,xfs: fix getbmap vs mmap deadlock,balloc,1,35,17,Bug
2.6.30,xfs: a couple getbmap cleanups,misc->code,1,79,83,Maintenance
2.6.30,xfs_file_last_byte() needs to acquire ilock,inode,1,2,0,Bug
2.6.30,xfs: add more checks to superblock validation,super,1,3,0,Reliability
2.6.30,xfs: use memdup_user(),misc->api,2,11,24,Maintenance
2.6.30,xfs: remove xfs_flush_space,misc->code,2,16,48,Maintenance
2.6.30,xfs: flush delayed allcoation blocks on ENOSPC in create,vfs,1,7,0,Bug
2.6.30,xfs: block callers of xfs_flush_inodes() correctly,file,2,10,3,Bug
2.6.30,xfs: make inode flush at ENOSPC synchronous,file,4,18,28,Bug
2.6.30,xfs: use xfs_sync_inodes() for device flushing,misc->code,5,38,30,Maintenance
2.6.30,xfs: inform the xfsaild of the push target before sleeping,journal,1,19,18,Bug
2.6.30,xfs: prevent unwritten extent conversion from blocking I/O completion,file,3,31,17,Bug
2.6.30,xfs: fix double free of inode,inode,1,14,9,Bug
2.6.30,xfs: validate log feature fields correctly,journal,1,30,11,Bug
2.6.30,"Revert ""xfs: increase the maximum number of supported ACL entries""",misc->code,1,1,1,Feature
2.6.30,xfs: cleanup uuid handling,misc->code,3,83,116,Maintenance
2.6.30,xfs: remove m_attroffset,misc->code,5,62,39,Maintenance
2.6.30,xfs: fix various typos,misc->code,22,40,40,Maintenance
2.6.30,xfs: pagecache usage optimization,file,1,1,0,Performance
2.6.30,xfs: remove m_litino,misc->code,3,3,3,Maintenance
2.6.30,xfs: kill ino64 mount option,misc->code,6,6,60,Maintenance
2.6.30,xfs: kill mutex_t typedef,misc->code,6,9,34,Maintenance
2.6.30,xfs: increase the maximum number of supported ACL entries,misc->code,1,1,1,Maintenance
2.6.30,xfs: factor out code to find the longest free extent in the AG,misc->code,4,31,22,Maintenance
2.6.30,xfs: kill VN_BAD,misc->code,2,2,10,Maintenance
2.6.30,xfs: kill vn_atime_* helpers.,misc->code,0,0,0,Maintenance
2.6.30,xfs: cleanup xlog_bread,misc->code,2,138,88,Maintenance
2.6.30,xfs: cleanup xlog_recover_do_trans,misc->code,1,31,34,Maintenance
2.6.30,xfs: remove another leftover of the old inode log item format,misc->code,1,4,10,Maintenance
2.6.30,xfs: cleanup log unmount handling,misc->code,3,5,18,Maintenance
2.6.30,xfs: include header files for prototypes,misc->compile,2,2,0,Maintenance
2.6.30,xfs: make symbols static,misc->api,3,5,5,Maintenance
2.6.30,xfs: move declaration to header file,misc->code,2,1,2,Maintenance
2.6.30,xfs: reject swapext ioctl on swapfiles,extent,1,6,0,Bug
2.6.30,xfs: fix error handling in xfs_log_mount,journal,1,8,6,Bug
2.6.30,xfs: get rid of indirections in the quotaops implementation,misc->code,12,181,262,Maintenance
2.6.30,xfs: sanitize qh_lock wrappers,misc->code,4,36,80,Maintenance
2.6.30,xfs: use mutex_is_locked in XFS_DQ_IS_LOCKED,misc->api,1,1,13,Maintenance
2.6.30,xfs: remove XFS_QM_LOCK/XFS_QM_UNLOCK/XFS_QM_HOLD/XFS_QM_RELE,misc->code,2,6,12,Maintenance
2.6.30,xfs: merge xfs_mkdir into xfs_create,misc->code,3,92,291,Maintenance
2.6.30,xfs: remove uchar_t/ushort_t/uint_t/ulong_t types,misc->code,7,10,18,Maintenance
2.6.30,xfs: remove superflous inobt macros,misc->code,5,17,31,Maintenance
2.6.30,xfs: remove iclog calculation special cases,misc->code,1,2,26,Maintenance
2.6.30,xfs: remove the unused XFS_QMOPT_DQLOCK flag,misc->code,3,50,113,Maintenance
2.6.30,xfs: cleanup xfs_find_handle,misc->code,1,49,67,Maintenance
2.6.30,xfs: cleanup error handling in xfs_swap_extents,misc->code,1,27,35,Maintenance
2.6.30,xfs: merge xfs_inode_flush into xfs_fs_write_inode,misc->code,4,37,57,Maintenance
2.6.30,xfs: factor out attr fork reset handling,misc->api,1,25,30,Maintenance
2.6.30,xfs: remove unused XFS_MOUNT_ILOCK/XFS_MOUNT_IUNLOCK,misc->code,1,0,3,Maintenance
2.6.30,xfs: tiny cleanup for xfs_link,misc->code,1,4,2,Maintenance
2.6.30,xfs: make sure to free the real-time inodes in the mount error path,"volume,super",3,21,8,Bug
2.6.30,xfs: cleanup error handling in xfs_mountfs:,misc->code,1,35,42,Maintenance
2.6.30,xfs: Update maintainers,misc->doc,1,2,1,Maintenance
2.6.30,[XFS] remove always-true #ifndef HAVE_FORMAT32 tests,misc->code,2,0,8,Maintenance
2.6.30,[XFS] Update maintainers,misc->doc,1,2,2,Maintenance
2.6.31,xfs: actually enable the swapext compat handler,ioctl,1,1,1,Bug
2.6.31,xfs: fix locking in xfs_iget_cache_hit,"file,inode",3,70,57,Bug
2.6.31,xfs: fix spin_is_locked assert on uni-processor builds,journal,1,1,1,Bug
2.6.31,xfs: check for dinode realtime flag corruption,inode,1,10,0,Reliability
2.6.31,use XFS_CORRUPTION_ERROR in xfs_btree_check_sblock,tree,1,2,2,Reliability
2.6.31,xfs: switch to NOFS allocation under i_lock in xfs_attr_rmtval_get,xattr,1,3,1,Bug
2.6.31,xfs: switch to NOFS allocation under i_lock in xfs_readlink_bmap,vfs,1,3,1,Bug
2.6.31,xfs: switch to NOFS allocation under i_lock in xfs_attr_rmtval_set,xattr,1,2,2,Bug
2.6.31,xfs: switch to NOFS allocation under i_lock in xfs_buf_associate_memory,file,1,1,1,Bug
2.6.31,xfs: switch to NOFS allocation under i_lock in xfs_dir_cilookup_result,dir,1,1,1,Bug
2.6.31,xfs: switch to NOFS allocation under i_lock in xfs_da_buf_make,tree,1,2,2,Bug
2.6.31,xfs: switch to NOFS allocation under i_lock in xfs_da_state_alloc,tree,1,1,1,Bug
2.6.31,xfs: switch to NOFS allocation under i_lock in xfs_getbmap,balloc,1,1,1,Bug
2.6.31,xfs: avoid memory allocation under m_peraglock in growfs code,resize,1,14,6,Bug
2.6.31,xfs: fix freeing of inodes not yet added to the inode cache,inode,2,68,74,Bug
2.6.31,xfs: bump up nr_to_write in xfs_vm_writepage,file,1,8,0,Performance
2.6.31,xfs: reduce bmv_count in xfs_vn_fiemap,inode,1,2,2,Bug
2.6.31,xfs: fix small mismerge in xfs_vn_mknod,misc->code,1,2,2,Maintenance
2.6.31,xfs: fix warnings with CONFIG_XFS_QUOTA disabled,misc->code,1,8,1,Maintenance
2.6.31,xfs: fix freeing memory in xfs_getbmap(),balloc,1,1,0,Bug
2.6.31,xfs: remove ->write_super and stop maintaining ->s_dirt,misc->code,2,0,14,Maintenance
2.6.31,xfs: use generic Posix ACL code,misc->code,26,598,1103,Maintenance
2.6.31,xfs: remove SYNC_BDFLUSH,misc->code,3,11,30,Maintenance
2.6.31,xfs: remove SYNC_IOWAIT,misc->code,2,4,5,Maintenance
2.6.31,xfs: split xfs_sync_inodes,misc->code,5,53,30,Maintenance
2.6.31,xfs: use generic inode iterator in xfs_qm_dqrele_all_inodes,misc->api,3,39,83,Maintenance
2.6.31,xfs: introduce a per-ag inode iterator,misc->code,2,152,166,Maintenance
2.6.31,xfs: remove unused parameter from xfs_reclaim_inodes,misc->code,3,6,20,Maintenance
2.6.31,xfs: factor out inode validation for sync,misc->api,1,37,22,Maintenance
2.6.31,xfs: split inode flushing from xfs_sync_inodes_ag,misc->code,1,33,17,Maintenance
2.6.31,xfs: split inode data writeback from xfs_sync_inodes_ag,misc->code,1,32,20,Maintenance
2.6.31,xfs: kill xfs_qmops,misc->code,23,380,628,Maintenance
2.6.31,xfs: validate quota log items during log recovery,journal,1,32,6,Reliability
2.6.31,xfs: update max log size,misc->code,1,7,4,Maintenance
2.6.32,xfs: copy li_lsn before dropping AIL lock,journal,1,20,3,Bug
2.6.32,XFS bug in log recover with quota (bugzilla id 855),journal,1,2,2,Bug
2.6.32,xfs: fix xfs_quota remove error,quota,1,1,1,Bug
2.6.32,xfs: free temporary cursor in xfs_dialloc,inode,1,1,0,Bug
2.6.32,xfs: fix double IRELE in xfs_dqrele_inode,quota,1,0,1,Bug
2.6.32,xfs: stop calling filemap_fdatawait inside ->fsync,misc->code,1,1,8,Maintenance
2.6.32,xfs: make sure xfs_sync_fsdata covers the log,file,1,21,7,Bug
2.6.32,xfs: mark inodes dirty before issuing I/O,file,1,28,9,Bug
2.6.32,xfs: cleanup ->sync_fs,super,1,18,18,Performance
2.6.32,xfs: fix xfs_quiesce_data,file,1,5,3,Bug
2.6.32,xfs: implement ->dirty_inode to fix timestamp handling,misc->code,10,70,56,Maintenance
2.6.32,xfs: includecheck fix for fs/xfs/xfs_iops.c,misc->compile,1,0,1,Maintenance
2.6.32,xfs: switch to seq_file,misc->code,2,55,74,Maintenance
2.6.32,xfs: Convert sync_page_range() to simple filemap_write_and_wait_range(),misc->api,1,2,1,Maintenance
2.6.32,xfs: Record new maintainer information,misc->doc,1,1,1,Maintenance
2.6.32,xfs: use correct log reservation when handling ENOSPC in xfs_create,vfs,1,2,2,Bug
2.6.32,jffs2/jfs/xfs: switch over to 'check_acl' rather than 'permission()',misc->code,10,14,32,Maintenance
2.6.32,xfs: xfs_showargs() reports group *and* project quotas enabled,super,1,13,9,Bug
2.6.32,xfs: un-static xfs_inobt_lookup,misc->api,1,1,1,Maintenance
2.6.32,xfs: simplify xfs_trans_iget,misc->code,5,5,113,Maintenance
2.6.32,xfs: merge fsync and O_SYNC handling,misc->code,10,23,112,Maintenance
2.6.32,xfs: speed up free inode search,inode,2,115,27,Performance
2.6.32,xfs: rationalize xfs_inobt_lookup*,misc->code,3,32,71,Maintenance
2.6.32,xfs: untangle xfs_dialloc,misc->code,1,138,153,Maintenance
2.6.32,xfs: factor out debug checks from xfs_dialloc and xfs_difree,misc->api,1,56,75,Maintenance
2.6.32,xfs: improve xfs_inobt_update prototype,misc->code,1,11,12,Maintenance
2.6.32,xfs: improve xfs_inobt_get_rec prototype,misc->code,3,77,92,Maintenance
2.6.32,xfs: factor out inode initialisation,misc->api,1,95,80,Maintenance
2.6.32,fs/xfs: Correct redundant test,misc->code,1,2,2,Maintenance
2.6.32,xfs: remove XFS_INO64_OFFSET,misc->code,1,0,1,Maintenance
2.6.32,un-static xfs_read_agf,misc->api,2,4,1,Maintenance
2.6.32,xfs: add more statics & drop some unused functions,misc->code,23,22,159,Maintenance
2.6.33,xfs: xfs_swap_extents needs to handle dynamic fork offsets,extent,1,90,16,Bug
2.6.33,xfs: fix missing error check in xfs_rtfree_range,volume,1,2,0,Bug
2.6.33,xfs: fix stale inode flush avoidance,inode,1,15,6,Bug
2.6.33,xfs: Remove inode iolock held check during allocation,inode,1,0,1,Bug
2.6.33,xfs: reclaim all inodes by background tree walks,super,1,6,8,Bug
2.6.33,xfs: Avoid inodes in reclaim when flushing from inode cache,file,1,18,13,Performance
2.6.33,xfs: reclaim inodes under a write lock,"file,quota",3,71,87,Bug
2.6.33,xfs: Ensure we force all busy extents in range to disk,balloc,2,27,29,Bug
2.6.33,xfs: Don't flush stale inodes,inode,1,7,3,Bug
2.6.33,xfs: fix timestamp handling in xfs_setattr,"xattr,vfs",2,41,55,Bug
2.6.33,xfs: use DECLARE_EVENT_CLASS,misc->code,1,591,538,Maintenance
2.6.33,xfs: kill some warnings on i386 builds,misc->compile,1,4,4,Maintenance
2.6.33,XFS: Free buffer pages array unconditionally,file,1,2,2,Bug
2.6.33,xfs: kill xfs_bmbt_rec_32/64 types,misc->code,2,6,14,Maintenance
2.6.33,xfs: improve metadata I/O merging in the elevator,"journal,file",4,9,1,Performance
2.6.33,xfs: check for not fully initialized inodes in xfs_ireclaim,inode,1,8,4,Reliability
2.6.33,xfs: event tracing support,"inode,super,balloc,other,dir,vfs,journal,file",70,2151,2592,Reliability
2.6.33,xfs: change the xfs_iext_insert / xfs_iext_remove,misc->code,4,38,26,Maintenance
2.6.33,xfs: cleanup bmap extent state macros,misc->code,2,184,222,Maintenance
2.6.33,xfs: Fix error return for fallocate() on XFS,inode,1,3,3,Bug
2.6.33,xfs: cleanup dmapi macros in the umount path,misc->api,2,21,24,Maintenance
2.6.33,xfs: remove incorrect sparse annotation for xfs_iget_cache_miss,misc->code,1,1,1,Maintenance
2.6.33,xfs: kill the STATIC_INLINE macro,misc->code,9,17,36,Maintenance
2.6.33,xfs: uninline xfs_get_extsz_hint,misc->api,2,23,21,Maintenance
2.6.33,xfs: rename xfs_attr_fetch to xfs_attr_get_int,misc->code,2,8,5,Maintenance
2.6.33,xfs: simplify xfs_buf_get / xfs_buf_read interfaces,misc->code,9,44,50,Maintenance
2.6.33,xfs: remove IO_ISAIO,misc->code,3,2,8,Maintenance
2.6.33,xfs: Wrapped journal record corruption on read at recovery,journal,1,7,17,Bug
2.6.33,xfs: cleanup data end I/O handlers,misc->code,1,26,69,Maintenance
2.6.33,xfs: use WRITE_SYNC_PLUG for synchronous writeout,misc->code,1,10,7,Maintenance
2.6.33,xfs: reset the i_iolock lock class in the reclaim path,misc->code,2,17,1,Maintenance
2.6.33,xfs: I/O completion handlers must use NOFS allocations,"file,resize,super,journal",5,15,7,Bug
2.6.33,xfs: fix mmap_sem/iolock inversion in xfs_free_eofblocks,vfs,2,26,15,Bug
2.6.33,xfs: simplify inode teardown,misc->code,5,34,57,Maintenance
2.6.34,xfs: add a shrinker to background inode reclaim,"super,file,quota",6,120,9,Reliability
2.6.34,xfs: more swap extent fixes for dynamic fork offsets,extent,1,16,6,Bug
2.6.34,xfs: don't warn on EAGAIN in inode reclaim,misc->code,1,2,2,Maintenance
2.6.34,xfs: ensure that sync updates the log tail correctly,journal,1,26,12,Bug
2.6.34,xfs: don't warn about page discards on shutdown,file,1,10,3,Bug
2.6.34,xfs: use scalable vmap API,file,1,4,3,Performance
2.6.34,xfs: remove old vmap cache,misc->code,1,1,75,Maintenance
2.6.34,xfs: return inode fork offset in bulkstat for fsr,misc->code,2,4,1,Maintenance
2.6.34,xfs: Increase the default size of the reserved blocks pool,super,1,29,20,Bug
2.6.34,xfs: truncate delalloc extents when IO fails in writeback,file,1,114,10,Bug
2.6.34,xfs: check for more work before sleeping in xfssyncd,file,1,3,3,Performance
2.6.34,xfs: Fix a build warning in xfs_aops.c,misc->compile,1,1,1,Maintenance
2.6.34,xfs: fix locking for inode cache radix tree tag updates,"file,inode",2,15,8,Bug
2.6.34,xfs: remove xfs_ipin/xfs_iunpin,misc->code,3,11,37,Maintenance
2.6.34,xfs: cleanup xfs_iunpin_wait/xfs_iunpin_nowait,misc->code,1,12,28,Maintenance
2.6.34,xfs: kill xfs_lrw.h,misc->code,4,4,30,Maintenance
2.6.34,xfs: factor common xfs_trans_bjoin code,misc->api,1,66,150,Maintenance
2.6.34,xfs: stop passing opaque handles to xfs_log.c routines,misc->code,4,62,64,Maintenance
2.6.34,xfs: split xfs_bmap_btalloc,misc->code,1,119,101,Maintenance
2.6.34,xfs: fix xfs_fsblock_t tracing,misc->code,2,6,22,Maintenance
2.6.34,xfs: fix inode pincount check in fsync,file,1,4,9,Bug
2.6.34,xfs: Non-blocking inode locking in IO completion,file,1,56,37,Bug
2.6.34,xfs: implement optimized fdatasync,"file,inode",4,25,13,Performance
2.6.34,xfs: remove wrapper for the fsync file operation,misc->code,3,117,131,Maintenance
2.6.34,xfs: remove wrappers for read/write file operations,misc->code,1,114,171,Maintenance
2.6.34,xfs: merge xfs_lrw.c into xfs_file.c,misc->code,5,743,809,Maintenance
2.6.34,xfs: fix dquota trace format,misc->code,1,5,5,Maintenance
2.6.34,xfs: increase readdir buffer size,misc->code,1,2,2,Maintenance
2.6.34,fs/xfs: Correct NULL test,quota,1,1,1,Bug
2.6.34,xfs: optimize log flushing in xfs_fsync,vfs,1,8,2,Performance
2.6.34,xfs: only clear the suid bit once in xfs_write,file,3,3,55,Performance
2.6.34,xfs: fix xfs to work with Virtually Indexed architectures,misc->code,1,29,1,Maintenance
2.6.34,xfs: kill xfs_bawrite,misc->code,2,0,20,Maintenance
2.6.34,xfs: log changed inodes instead of writing them synchronously,super,1,82,29,Performance
2.6.34,xfs: remove invalid barrier optimization from xfs_fsync,vfs,1,2,10,Bug
2.6.34,xfs: kill the unused XFS_QMOPT_* flush flags V2,misc->code,0,0,0,Maintenance
2.6.34,xfs: Use delay write promotion for dquot flushing,misc->code,1,10,15,Maintenance
2.6.34,xfs: Sort delayed write buffers before dispatch,file,1,60,27,Performance
2.6.34,xfs: Don't issue buffer IO direct from AIL push V2,"file,quota,journal",10,102,203,Performance
2.6.34,xfs: Use delayed write for inodes rather than async V2,"file,inode,journal,super",6,102,115,Performance
2.6.34,xfs: Make inode reclaim states explicit,misc->code,3,64,29,Maintenance
2.6.34,xfs: more reserved blocks fixups,super,4,64,25,Reliability
2.6.34,xfs: turn off sign warnings,misc->compile,1,1,1,Maintenance
2.6.34,"xfs: don't hold onto reserved blocks on remount,ro",super,2,29,0,Bug
2.6.34,xfs: quota limit statvfs available blocks,quota,1,1,1,Bug
2.6.34,xfs: replace KM_LARGE with explicit vmalloc use,misc->api,5,66,51,Maintenance
2.6.34,xfs: cleanup up xfs_log_force calling conventions,misc->code,14,193,211,Maintenance
2.6.34,xfs: kill XLOG_VEC_SET_TYPE,misc->code,7,22,24,Maintenance
2.6.34,xfs: remove duplicate buffer flags,misc->code,17,53,70,Maintenance
2.6.34,xfs: implement quota warnings via netlink,misc->code,1,39,10,Maintenance
2.6.34,xfs: clean up error handling in xfs_trans_dqresv,misc->code,1,17,31,Maintenance
2.6.34,xfs: kill XFS_QMOPT_ASYNC,misc->code,2,0,3,Maintenance
2.6.34,xfs: rearrange xfs_mod_sb() to avoid array subscript warning,misc->compile,1,3,4,Maintenance
2.6.34,xfs: suppress spurious uninitialised var warning in xfs_bmapi(),misc->compile,1,1,1,Maintenance
2.6.34,xfs: make compile warn about char sign mismatches again,misc->code,1,1,1,Maintenance
2.6.34,xfs: clean up sign warnings in dir2 code,misc->compile,4,8,7,Maintenance
2.6.34,xfs: convert attr to use unsigned names,misc->code,12,90,70,Maintenance
2.6.34,xfs: xfs_buf_iomove() doesn't care about signedness,misc->compile,2,2,2,Maintenance
2.6.34,xfs: make xfs_dir_cilookup_result use unsigned char,misc->code,2,3,3,Maintenance
2.6.34,xfs: convert dirnameops to unsigned char names,misc->code,3,7,6,Maintenance
2.6.34,xfs: convert DM ops to use unsigned char names,misc->code,2,6,3,Maintenance
2.6.34,xfs: directory names are unsigned,misc->code,1,2,2,Maintenance
2.6.34,xfs: move more buffer helpers into xfs_buf.c,misc->code,6,124,134,Maintenance
2.6.34,xfs: clean up xfs_bwrite,misc->code,4,28,50,Maintenance
2.6.34,xfs: clean up log buffer writes,misc->code,2,33,36,Maintenance
2.6.34,xfs: embed the pagb_list array in the perag structure,misc->code,3,5,12,Maintenance
2.6.34,xfs: handle ENOMEM correctly during initialisation of perag structures,super,1,17,4,Bug
2.6.34,xfs: Kill filestreams cache flush,misc->code,5,1,20,Maintenance
2.6.34,xfs: Add trace points for per-ag refcount debugging.,super,4,65,23,Reliability
2.6.34,xfs: Reference count per-ag structures,super,3,12,4,Reliability
2.6.34,xfs: Replace per-ag array with a radix tree,"balloc,resize,inode,super",8,87,91,Performance
2.6.34,xfs: convert remaining direct references to m_perag,misc->code,4,42,15,Maintenance
2.6.34,xfs: Convert filestreams code to use per-ag get/put routines,misc->code,2,36,10,Maintenance
2.6.34,xfs: Don't directly reference m_perag in allocation code,misc->code,2,53,38,Maintenance
2.6.34,xfs: rename xfs_get_perag,misc->code,4,27,21,Maintenance
2.6.34,xfs: Don't wake xfsbufd when idle,file,1,15,5,Performance
2.6.34,xfs: Don't wake the aild once per second,"super,journal",2,14,12,Performance
2.6.34,xfs: Use list_heads for log recovery item lists,misc->code,2,81,147,Maintenance
2.6.34,xfs: mke several more functions static,misc->api,0,0,0,Maintenance
2.6.34,xfs: clean up inconsistent variable naming in xfs_swap_extent,misc->code,2,22,19,Maintenance
2.6.34,xfs: add tracing to xfs_swap_extents,extent,2,58,0,Reliability
2.6.35,xfs: track AGs with reclaimable inodes in per-ag radix tree,file,2,67,7,Performance
2.6.35,xfs: convert inode shrinker to per-filesystem contexts,file,4,15,53,Performance
2.6.35,xfs: remove block number from inode lookup code,misc->code,15,26,59,Maintenance
2.6.35,xfs: rename XFS_IGET_BULKSTAT to XFS_IGET_UNTRUSTED,misc->code,5,14,12,Maintenance
2.6.35,xfs: validate untrusted inode numbers during lookup,ialloc,1,78,43,Reliability
2.6.35,xfs: always use iget in bulkstat,"ioctl,quota,inode",6,59,282,Performance
2.6.35,xfs: prevent swapext from operating on write-only files,extent,1,4,1,Bug
2.6.35,xfs: remove nr_to_write writeback windup.,misc->code,1,0,8,Maintenance
2.6.35,xfs: improve xfs_isilocked,misc->code,1,10,16,Maintenance
2.6.35,xfs: skip writeback from reclaim context,file,1,15,0,Reliability
2.6.35,xfs: remove done roadmap item from xfs-delayed-logging-design.txt,misc->doc,1,0,5,Maintenance
2.6.35,xfs: fix race in inode cluster freeing failing to stale inodes,inode,1,62,80,Bug
2.6.35,xfs: fix access to upper inodes without inode64,misc->code,5,21,46,Maintenance
2.6.35,xfs: fix might_sleep() warning when initialising per-ag tree,super,1,1,1,Bug
2.6.35,fs/xfs/quota: Add missing mutex_unlock,quota,1,3,1,Bug
2.6.35,xfs: remove duplicated #include,misc->code,1,0,1,Maintenance
2.6.35,xfs: convert more trace events to DEFINE_EVENT,misc->code,1,188,168,Maintenance
2.6.35,xfs: xfs_trace.c: remove duplicated #include,misc->code,1,0,1,Maintenance
2.6.35,xfs: Check new inode size is OK before preallocating,"inode,vfs",2,14,4,Bug
2.6.35,xfs: clean up xlog_align,misc->code,1,3,8,Maintenance
2.6.35,xfs: cleanup log reservation calculactions,misc->code,2,400,457,Maintenance
2.6.35,xfs: be more explicit if RT mount fails due to config,volume,1,10,1,Reliability
2.6.35,xfs: replace E2BIG with EFBIG where appropriate,misc->code,2,9,9,Maintenance
2.6.35,xfs: Ensure inode allocation buffers are fully replayed,journal,6,74,11,Bug
2.6.35,xfs: enable background pushing of the CIL,journal,2,70,4,Reliability
2.6.35,xfs: forced unmounts need to push the CIL,misc->code,1,15,0,Maintenance
2.6.35,xfs: Introduce delayed logging core code,"super,journal",11,912,30,Feature
2.6.35,xfs: Delayed logging design documentation,misc->doc,1,816,0,Maintenance
2.6.35,xfs: Improve scalability of busy extent tracking,"file,other,balloc,tree,journal",11,350,322,Performance
2.6.35,xfs: make the log ticket ID available outside the log infrastructure,misc->code,4,12,3,Maintenance
2.6.35,xfs: clean up log ticket overrun debug output,misc->code,2,6,15,Maintenance
2.6.35,xfs: Clean up XFS_BLI_* flag namespace,misc->code,0,0,0,Maintenance
2.6.35,xfs: modify buffer item reference counting,misc->code,1,50,60,Maintenance
2.6.35,xfs: allow log ticket allocation to take allocation flags,misc->code,1,8,8,Maintenance
2.6.35,xfs: Don't reuse the same transaction ID for duplicated transactions.,misc->code,1,9,0,Maintenance
2.6.35,xfs: constify xattr_handler,misc->api,4,9,9,Maintenance
2.6.35,xfs: mark xfs_iomap_write_ helpers static,misc->api,2,13,13,Maintenance
2.6.35,xfs: clean up end index calculation in xfs_page_state_convert,misc->code,1,15,8,Maintenance
2.6.35,xfs: clean up mapping size calculation in __xfs_get_blocks,misc->code,1,16,9,Maintenance
2.6.35,xfs: clean up xfs_iomap_valid,misc->code,1,23,23,Maintenance
2.6.35,xfs: move I/O type flags into xfs_aops.c,misc->code,2,30,29,Maintenance
2.6.35,xfs: kill struct xfs_iomap,misc->api,3,75,123,Maintenance
2.6.35,xfs: report iomap_bn in block base,misc->code,3,16,26,Maintenance
2.6.35,xfs: report iomap_offset and iomap_bsize in block base,misc->code,2,27,14,Maintenance
2.6.35,xfs: remove iomap_delta,misc->code,3,4,4,Maintenance
2.6.35,xfs: remove iomap_target,misc->api,3,18,29,Maintenance
2.6.35,xfs: limit xfs_imap_to_bmap to a single mapping,misc->code,1,28,36,Maintenance
2.6.35,xfs: simplify buffer to transaction matching,misc->code,1,46,138,Maintenance
2.6.35,xfs: Make fiemap work in query mode.,misc->code,1,4,1,Maintenance
2.6.35,xfs: kill off l_sectbb_mask,misc->code,3,10,9,Maintenance
2.6.35,xfs: record log sector size rather than log2(that),misc->code,3,31,31,Maintenance
2.6.35,xfs: remove dead XFS_LOUD_RECOVERY code,misc->code,3,0,82,Maintenance
2.6.35,xfs: removed unused XFS_QMOPT_ flags,misc->code,3,3,6,Maintenance
2.6.35,xfs: remove a few macro indirections in the quota code,misc->code,4,25,31,Maintenance
2.6.35,xfs: access quotainfo structure directly,misc->code,6,165,172,Maintenance
2.6.35,xfs: wait for direct I/O to complete in fsync and write_inode,"file,super",2,3,0,Bug
2.6.35,xfs: xfs_trace.c: duplicated include,misc->code,1,0,1,Maintenance
2.6.35,xfs: minor odds and ends in xfs_log_recover.c,misc->code,1,15,16,Maintenance
2.6.35,xfs: avoid repeated pointer dereferences,misc->code,1,13,12,Maintenance
2.6.35,xfs: change a few labels in xfs_log_recover.c,misc->code,1,9,11,Maintenance
2.6.35,xfs: enforce synchronous writes in xfs_bwrite,file,2,6,12,Bug
2.6.35,xfs: remove periodic superblock writeback,super,1,27,63,Performance
2.6.35,xfs: make the log ticket transaction id random,journal,1,1,1,Reliability
2.6.35,xfs: nothing special about 1-block log sector,misc->code,1,29,13,Maintenance
2.6.35,xfs: encapsulate bbcount validity checking,misc->api,1,26,12,Maintenance
2.6.35,xfs: kill XLOG_SECTOR_ROUND*(),misc->code,0,0,0,Maintenance
2.6.35,xfs: simplify XLOG_SECTOR_ROUND*(),misc->code,0,0,0,Maintenance
2.6.35,xfs: fix min bufsize bugs in two places,journal,1,17,4,Bug
2.6.35,xfs: add const qualifiers to xfs error function args,misc->api,2,20,19,Maintenance
2.6.35,xfs: remove xfs_dqmarker,misc->code,2,2,21,Maintenance
2.6.35,xfs: convert the dquot free list to use list heads,misc->code,6,72,165,Maintenance
2.6.35,xfs: convert the dquot hash list to use list heads,misc->code,6,30,88,Maintenance
2.6.35,xfs: remove duplicate code from dquot reclaim,misc->code,1,21,25,Maintenance
2.6.35,xfs: convert the per-mount dquot list to use list heads,misc->code,6,97,112,Maintenance
2.6.35,xfs: add log item recovery tracing,"journal,support",5,187,9,Reliability
2.6.35,xfs: clean up xlog_write_adv_cnt,misc->code,2,27,27,Maintenance
2.6.35,xfs: introduce new internal log vector structure,misc->code,2,90,59,Maintenance
2.6.35,xfs: reindent xlog_write,misc->code,1,121,107,Maintenance
2.6.35,xfs: factor xlog_write,misc->code,1,226,113,Maintenance
2.6.35,xfs: log ticket reservation underestimates the number of iclogs,journal,1,42,13,Bug
2.6.35,xfs: Clean up xfs_trans_committed code after factoring,misc->code,1,166,190,Maintenance
2.6.35,xfs: update and factor xfs_trans_committed(),misc->code,1,95,129,Maintenance
2.6.35,xfs: clean up xfs_trans_commit logic even more,misc->code,1,37,32,Maintenance
2.6.35,xfs: split out iclog writing from xfs_trans_commit(),misc->code,1,199,188,Maintenance
2.6.35,xfs: fix reservation release commit flag in xfs_bmap_add_attrfork(),balloc,1,1,1,Bug
2.6.35,xfs: remove stale parameter from ->iop_unpin method,misc->api,7,39,52,Maintenance
2.6.35,xfs: Add inode pin counts to traces,"journal,inode",3,12,1,Reliability
2.6.35,xfs: factor log item initialisation,misc->api,6,29,30,Maintenance
2.6.35,xfs: add blockdev name to kthreads,misc->code,4,13,10,Maintenance
2.6.35,xfs: Fix integer overflow in fs/xfs/linux-2.6/xfs_ioctl*.c,ioctl,2,8,0,Bug
2.6.36,xfs: properly account for reclaimed inodes,file,1,14,5,Performance
2.6.36,xfs: force background CIL push under sustained load,journal,2,30,19,Bug
2.6.36,xfs: log IO completion workqueue is a high priority queue,file,1,2,1,Bug
2.6.36,xfs: prevent reading uninitialized stack memory,ioctl,1,2,0,Bug
2.6.36,xfs: Make fiemap work with sparse files,misc->code,3,17,3,Maintenance
2.6.36,xfs: prevent 32bit overflow in space reservation,vfs,1,10,3,Bug
2.6.36,xfs: Disallow 32bit project quota id,ioctl,1,7,0,Bug
2.6.36,xfs: improve buffer cache hash scalability,file,2,1,8,Performance
2.6.36,xfs: do not discard page cache data on EAGAIN,file,1,6,3,Bug
2.6.36,xfs: don't do memory allocation under the CIL context lock,journal,1,26,8,Bug
2.6.36,xfs: Reduce log force overhead for delayed logging,journal,3,147,118,Performance
2.6.36,xfs: dummy transactions should not dirty VFS state,"super,file,resize",4,26,51,Bug
2.6.36,xfs: ensure f_ffree returned by statfs() is non-negative,super,1,6,1,Bug
2.6.36,xfs: handle negative wbc->nr_to_write during sync writeback,file,1,2,2,Performance
2.6.36,xfs: fix untrusted inode number lookup,inode,1,10,6,Bug
2.6.36,xfs: ensure we mark all inodes in a freed cluster XFS_ISTALE,inode,1,26,23,Bug
2.6.36,xfs: unlock items before allowing the CIL to commit,journal,3,17,5,Bug
2.6.36,xfs: new truncate sequence,misc->code,4,56,42,Maintenance
2.6.36,xfs simplify and speed up direct I/O completions,file,1,76,82,Performance
2.6.36,xfs: move aio completion after unwritten extent conversion,file,1,16,3,Bug
2.6.36,xfs: fix big endian build,misc->compile,1,2,1,Maintenance
2.6.36,xfs: clean up xfs_bmap_get_bp,misc->code,1,18,25,Maintenance
2.6.36,xfs: simplify xfs_truncate_file,misc->code,3,52,102,Maintenance
2.6.36,xfs: kill the b_strat callback in xfs_buf,misc->code,4,3,17,Maintenance
2.6.36,xfs: remove obsolete osyncisosync mount option,misc->code,3,4,19,Maintenance
2.6.36,xfs: clean up filestreams helpers,misc->code,2,77,85,Maintenance
2.6.36,xfs: fix gcc 4.6 set but not read and unused statement warnings,misc->compile,7,15,34,Maintenance
2.6.36,xfs: Fix build when CONFIG_XFS_POSIX_ACL=n,misc->compile,1,2,0,Maintenance
2.6.36,xfs: fix unsigned underflow in xfs_free_eofblocks,vfs,1,2,2,Bug
2.6.36,xfs: use GFP_NOFS for page cache allocation,file,1,2,2,Bug
2.6.36,xfs: fix memory reclaim recursion deadlock on locked inode buffer,inode,1,11,9,Bug
2.6.36,xfs: fix xfs_trans_add_item() lockdep warnings,journal,1,1,1,Bug
2.6.36,xfs: simplify and remove xfs_ireclaim,"inode,file",3,32,54,Performance
2.6.36,xfs: don't block on buffer read errors,file,1,15,4,Bug
2.6.36,xfs: move inode shrinker unregister even earlier,misc->code,1,5,5,Maintenance
2.6.36,xfs: remove a dmapi leftover,misc->code,1,0,3,Maintenance
2.6.36,xfs: writepage always has buffers,misc->code,1,0,7,Maintenance
2.6.36,xfs: allow writeback from kswapd,misc->code,1,4,5,Maintenance
2.6.36,xfs: remove incorrect log write optimization,journal,1,2,5,Bug
2.6.36,xfs: unregister inode shrinker before freeing filesystem structures,super,1,5,1,Bug
2.6.36,xfs: split xfs_itrace_entry,misc->code,11,112,51,Maintenance
2.6.36,xfs: remove xfs_iput,misc->code,6,17,26,Maintenance
2.6.36,xfs: remove xfs_iput_new,misc->code,3,3,28,Maintenance
2.6.36,xfs: some iget tracing cleanups / fixes,misc->code,2,7,6,Maintenance
2.6.36,xfs: do not use emums for flags used in tracing,misc->code,3,67,67,Maintenance
2.6.36,xfs: remove explicit xfs_sync_data/xfs_sync_attr calls on umount,misc->code,3,2,17,Maintenance
2.6.36,xfs: small cleanups for xfs_iomap / __xfs_get_blocks,misc->code,3,10,11,Maintenance
2.6.36,xfs: reduce stack usage in xfs_iomap,file,1,28,24,Performance
2.6.36,xfs: avoid synchronous transaction in xfs_fs_write_inode,super,1,22,30,Performance
2.6.36,xfs: simplify xfs_vm_writepage,misc->code,3,49,102,Maintenance
2.6.36,xfs: simplify xfs_vm_releasepage,misc->code,1,107,247,Maintenance
2.6.36,xfs: fix corruption case for block size < page size,file,1,10,0,Bug
2.6.36,xfs: remove unused delta tracking code in xfs_bmapi,misc->code,15,59,260,Maintenance
2.6.36,xfs: remove unused XFS_BMAPI_ flags,misc->code,3,8,20,Maintenance
2.6.36,xfs: remove the unused XFS_TRANS_NOSLEEP/XFS_TRANS_WAIT flags,misc->code,1,0,2,Maintenance
2.6.36,xfs: remove the unused XFS_LOG_SLEEP and XFS_LOG_NOSLEEP flags,misc->code,2,0,5,Maintenance
2.6.36,xfs: kill the unused xlog_debug variable,misc->code,1,0,5,Maintenance
2.6.36,xfs: fix the xfs_log_iovec i_addr type,misc->code,8,39,52,Maintenance
2.6.36,xfs: simplify inode to transaction joining,misc->code,19,103,247,Maintenance
2.6.36,xfs: simplify buffer pinning,misc->code,4,9,47,Maintenance
2.6.36,xfs: give li_cb callbacks the correct prototype,misc->code,7,68,82,Maintenance
2.6.36,xfs: give xfs_item_ops methods the correct prototypes,misc->code,4,360,404,Maintenance
2.6.36,xfs: merge iop_unpin_remove into iop_unpin,misc->code,6,47,136,Maintenance
2.6.36,xfs: simplify log item descriptor tracking,misc->code,13,194,759,Maintenance
2.6.36,xfs: remove unneeded #include statements,misc->code,52,0,235,Maintenance
2.6.36,xfs: drop dmapi hooks,misc->code,70,27,779,Maintenance
2.6.37,xfs: log timestamp changes to the source inode in rename,dir,1,1,0,Bug
2.6.37,xfs: only run xfs_error_test if error injection is active,other,2,6,2,Performance
2.6.37,xfs: avoid moving stale inodes in the AIL,journal,1,25,6,Bug
2.6.37,xfs: delayed alloc blocks beyond EOF are valid after writeback,"balloc,extent",2,20,2,Bug
2.6.37,"xfs: push stale, pinned buffers on trylock failures",file,1,16,19,Performance
2.6.37,xfs: fix failed write truncation handling.,"balloc,file",3,121,54,Bug
2.6.37,xfs: remove incorrect assert in xfs_vm_writepage,file,1,4,3,Bug
2.6.37,xfs: use hlist_add_fake,inode,1,2,1,Performance
2.6.37,xfs: fix a few compiler warnings with CONFIG_XFS_QUOTA=n,misc->compile,1,16,4,Maintenance
2.6.37,xfs: tell lockdep about parent iolock usage in filestreams,balloc,1,7,1,Reliability
2.6.37,xfs: move delayed write buffer trace,misc->code,1,1,1,Maintenance
2.6.37,xfs: fix per-ag reference counting in inode reclaim tree walking,"file,super",2,2,0,Bug
2.6.37,xfs: xfs_ioctl: fix information leak to userland,ioctl,1,1,1,Bug
2.6.37,xfs: remove experimental tag from the delaylog option,misc->code,2,0,14,Maintenance
2.6.37,xfs: semaphore cleanup,misc->api,1,1,1,Maintenance
2.6.37,xfs: Extend project quotas to support 32bit project ids,"ioctl,quota,inode,dir,vfs",16,80,44,Feature
2.6.37,xfs: remove xfs_buf wrappers,misc->api,16,33,48,Maintenance
2.6.37,xfs: remove xfs_cred.h,misc->code,12,18,58,Maintenance
2.6.37,xfs: remove xfs_globals.h,misc->code,2,0,24,Maintenance
2.6.37,xfs: remove xfs_version.h,misc->code,3,1,30,Maintenance
2.6.37,xfs: remove xfs_refcache.h,misc->code,1,0,52,Maintenance
2.6.37,xfs: fix the xfs_trans_committed,misc->code,1,3,2,Maintenance
2.6.37,xfs: remove unused t_callback field in struct xfs_trans,misc->code,2,0,6,Maintenance
2.6.37,xfs: fix bogus m_maxagi check in xfs_iget,inode,1,2,2,Bug
2.6.37,xfs: do not use xfs_mod_incore_sb_batch for per-cpu counters,misc->code,2,85,107,Maintenance
2.6.37,xfs: do not use xfs_mod_incore_sb for per-cpu counters,misc->code,5,35,40,Maintenance
2.6.37,xfs: remove XFS_MOUNT_NO_PERCPU_SB,misc->code,3,19,29,Maintenance
2.6.37,xfs: pack xfs_buf structure more tightly,misc->code,1,19,11,Maintenance
2.6.37,xfs: convert buffer cache hash to rbtree,"file,super",4,75,77,Performance
2.6.37,xfs: serialise inode reclaim within an AG,"file,super",3,33,0,Performance
2.6.37,xfs: batch inode reclaim lookup,file,1,77,33,Performance
2.6.37,xfs: implement batched inode lookups for AG walking,file,2,46,24,Performance
2.6.37,xfs: split out inode walk inode grabbing,misc->code,2,34,54,Maintenance
2.6.37,xfs: split inode AG walking into separate code for reclaim,misc->code,6,122,115,Maintenance
2.6.37,xfs: remove buftarg hash for external devices,misc->code,1,5,1,Maintenance
2.6.37,xfs: use unhashed buffers for size checks,"resize,super,volume",3,34,45,Bug
2.6.37,xfs: kill XBF_FS_MANAGED buffers,misc->code,3,21,60,Maintenance
2.6.37,xfs: store xfs_mount in the buftarg instead of in the xfs_buf,misc->code,5,20,21,Maintenance
2.6.37,xfs: introduced uncached buffer read primitve,misc->api,2,37,0,Maintenance
2.6.37,xfs: rename xfs_buf_get_nodaddr to be more appropriate,misc->api,6,14,11,Maintenance
2.6.37,xfs: don't use vfs writeback for pure metadata modifications,"inode,super,quota,xattr,dir,journal,other,vfs",12,65,86,Performance
2.6.37,xfs: lockless per-ag lookups,"file,super",3,23,11,Performance
2.6.37,xfs: remove debug assert for per-ag reference counting,misc->code,1,0,2,Maintenance
2.6.37,xfs: reduce the number of CIL lock round trips during commit,journal,1,127,105,Performance
2.6.37,xfs: eliminate some newly-reported gcc warnings,misc->compile,1,2,2,Maintenance
2.6.37,xfs: remove the ->kill_root btree operation,misc->code,4,44,88,Maintenance
2.6.37,xfs: stop using xfs_qm_dqtobp in xfs_qm_dqflush,misc->code,1,76,88,Maintenance
2.6.37,xfs: simplify xfs_qm_dqusage_adjust,misc->code,1,61,142,Maintenance
2.6.37,xfs: Introduce XFS_IOC_ZERO_RANGE,misc->code,6,27,9,Maintenance
2.6.37,xfs: use range primitives for xfs page cache operations,misc->api,1,15,16,Maintenance
2.6.37,xfs: replace barriers with explicit flush / FUA usage,misc->code,4,3,38,Maintenance
2.6.38,xfs: zero proper structure size for geometry calls,ioctl,1,8,3,Bug
2.6.38,xfs: check if device support discard in xfs_ioc_trim(),extent,1,2,0,Bug
2.6.38,xfs: prevent leaking uninitialized stack memory in FSGEOMETRY_V1,resize,1,3,0,Bug
2.6.38,xfs: xfs_bmap_add_extent_delay_real should init br_startblock,balloc,1,25,8,Bug
2.6.38,xfs: fix dquot shaker deadlock,quota,1,21,25,Bug
2.6.38,xfs: handle CIl transaction commit failures correctly,journal,3,3,12,Bug
2.6.38,xfs: limit extsize to size of AGs and/or MAXEXTLEN,ioctl,1,18,2,Bug
2.6.38,xfs: prevent extsize alignment from exceeding maximum extent size,balloc,1,10,0,Bug
2.6.38,xfs: limit extent length for allocation to AG size,balloc,2,26,8,Performance
2.6.38,xfs: speculative delayed allocation uses rounddown_power_of_2 badly,file,1,6,1,Reliability
2.6.38,xfs: fix efi item leak on forced shutdown,journal,3,38,13,Bug
2.6.38,xfs: fix log ticket leak on forced shutdown.,journal,1,5,2,Bug
2.6.38,"xfs: Do not name variables ""panic""",misc->code,0,0,0,Maintenance
2.6.38,XFS: handle hole punching via fallocate properly,misc->code,1,5,2,Maintenance
2.6.38,xfs: prevent NMI timeouts in cmn_err,"other,journal",7,96,114,Bug
2.6.38,xfs: Add log level to assertion printk,misc->code,1,2,1,Maintenance
2.6.38,xfs: fix an assignment within an ASSERT(),journal,1,1,1,Bug
2.6.38,xfs: fix error handling for synchronous writes,"file,journal",3,51,114,Bug
2.6.38,xfs: add FITRIM support,"other,ioctl,balloc",7,259,12,Feature
2.6.38,xfs: ensure log covering transactions are synchronous,"super,file,resize",4,13,12,Performance
2.6.38,xfs: serialise unaligned direct IOs,file,1,28,10,Bug
2.6.38,xfs: factor common write setup code,misc->api,1,56,67,Maintenance
2.6.38,xfs: split buffered IO write path from xfs_file_aio_write,misc->code,1,69,77,Maintenance
2.6.38,xfs: split direct IO write path from xfs_file_aio_write,misc->code,1,116,63,Maintenance
2.6.38,xfs: introduce xfs_rw_lock() helpers for locking the inode,misc->api,1,80,51,Maintenance
2.6.38,xfs: factor post-write newsize updates,misc->api,1,21,22,Maintenance
2.6.38,xfs: factor common post-write isize handling code,misc->api,1,28,26,Maintenance
2.6.38,xfs: ensure sync write errors are returned,file,1,23,26,Bug
2.6.38,xfs: provide simple rcu-walk ACL implementation,misc->code,1,6,3,Maintenance
2.6.38,xfs: convert grant head manipulations to lockless algorithm,journal,2,49,77,Performance
2.6.38,xfs: introduce new locks for the log grant ticket wait queues,journal,3,97,60,Performance
2.6.38,xfs: convert log grant heads to atomic variables,misc->code,2,10,10,Maintenance
2.6.38,xfs: convert l_tail_lsn to an atomic variable.,journal,4,63,46,Performance
2.6.38,xfs: convert l_last_sync_lsn to an atomic variable,journal,3,36,34,Performance
2.6.38,xfs: make AIL tail pushing independent of the grant lock,journal,1,54,57,Performance
2.6.38,xfs: use wait queues directly for the log wait queues,misc->api,6,52,106,Maintenance
2.6.38,xfs: combine grant heads into a single 64 bit integer,misc->code,4,119,91,Maintenance
2.6.38,xfs: rework log grant space calculations,misc->code,1,48,47,Maintenance
2.6.38,xfs: fact out common grant head/log tail verification code,misc->api,1,22,29,Maintenance
2.6.38,xfs: convert log grant ticket queues to list heads,misc->code,3,53,97,Maintenance
2.6.38,xfs: use AIL bulk delete function to implement single delete,misc->code,2,11,72,Maintenance
2.6.38,xfs: use AIL bulk update function to implement single updates,misc->code,3,13,96,Maintenance
2.6.38,xfs: remove all the inodes on a buffer from the AIL in bulk,journal,3,152,17,Performance
2.6.38,xfs: consume iodone callback items on buffers as they are processed,journal,1,21,11,Performance
2.6.38,xfs: reduce the number of AIL push wakeups,super,1,16,4,Performance
2.6.38,xfs: bulk AIL insertion during transaction commit,journal,4,195,12,Performance
2.6.38,xfs: clean up xfs_ail_delete(),misc->code,1,7,20,Maintenance
2.6.38,xfs: Pull EFI/EFD handling out from under the AIL lock,journal,4,59,49,Performance
2.6.38,xfs: fix EFI transaction cancellation.,journal,2,9,12,Bug
2.6.38,xfs: connect up buffer reclaim priority hooks,misc->code,4,14,9,Maintenance
2.6.38,xfs: add a lru to the XFS buffer cache,file,2,151,23,Performance
2.6.38,xfs: convert xfsbud shrinker to a per-buftarg shrinker.,misc->code,2,27,66,Maintenance
2.6.38,xfs: convert pag_ici_lock to a spin lock,misc->api,4,11,11,Maintenance
2.6.38,xfs: convert inode cache lookups to use RCU locking,"file,inode",3,141,42,Performance
2.6.38,xfs: rcu free inodes,misc->code,1,13,1,Maintenance
2.6.38,xfs: don't truncate prealloc from frequently accessed inodes,vfs,2,47,27,Performance
2.6.38,xfs: dynamic speculative EOF preallocation,"file,super,resize",4,110,10,Performance
2.6.38,xfs: use KM_NOFS for allocations during attribute list operations,xattr,1,2,2,Bug
2.6.38,xfs: provide a inode iolock lockdep class,"inode,super",3,23,0,Reliability
2.6.38,xfs: factor duplicate code in xfs_alloc_ag_vextent_near into a helper,misc->api,1,113,180,Maintenance
2.6.38,xfs: clean up xfs_alloc_ag_vextent_exact,misc->code,2,33,26,Maintenance
2.6.38,xfs: simplify xfs_map_at_offset,misc->code,1,4,11,Maintenance
2.6.38,xfs: refactor xfs_vm_writepage,misc->code,1,39,58,Maintenance
2.6.38,xfs: remove the all_bh flag from xfs_convert_page,misc->code,1,13,20,Maintenance
2.6.38,xfs: remove xfs_probe_cluster,misc->code,1,4,107,Maintenance
2.6.38,xfs: simplify xfs_map_blocks,misc->code,1,25,52,Maintenance
2.6.38,xfs: kill xfs_iomap,misc->code,5,191,213,Maintenance
2.6.38,xfs: cleanup the xfs_iomap_write_* helpers,misc->code,0,0,0,Maintenance
2.6.38,xfs: a few small tweaks for overwrites in xfs_vm_writepage,misc->code,1,7,8,Maintenance
2.6.38,xfs: remove some dead bio handling code,misc->code,1,2,11,Maintenance
2.6.38,xfs: improve mapping type check in xfs_vm_writepage,file,1,12,9,Reliability
2.6.38,xfs: untangle phase1 vs phase2 recovery helpers,misc->code,1,93,101,Maintenance
2.6.38,xfs: refactor xlog_recover_commit_trans,misc->code,1,53,64,Maintenance
2.6.38,xfs: use struct list_head for the buf cancel table,misc->code,3,65,111,Maintenance
2.6.38,xfs: remove leftovers of old buffer log items in recovery code,misc->code,1,40,115,Maintenance
2.6.38,xfs: fix exporting with left over 64-bit inodes,misc->code,1,10,2,Maintenance
2.6.39,xfs: fix race condition in AIL push trigger,journal,1,10,6,Bug
2.6.39,xfs: make AIL target updates and compares 32bit safe.,journal,1,4,3,Bug
2.6.39,xfs: always push the AIL to the target,journal,1,1,1,Bug
2.6.39,xfs: exit AIL push work correctly when AIL is empty,journal,1,13,13,Bug
2.6.39,xfs: ensure reclaim cursor is reset correctly at end of AG,file,1,1,0,Bug
2.6.39,xfs: fix duplicate message output,misc->code,1,3,1,Maintenance
2.6.39,xfs_destroy_workqueues() should not be tagged with__exit,misc->api,1,1,1,Maintenance
2.6.39,xfs: use proper interfaces for on-stack plugging,misc->api,1,9,11,Maintenance
2.6.39,xfs: fix xfs_debug warnings,misc->compile,1,3,1,Maintenance
2.6.39,xfs: fix variable set but not used warnings,misc->compile,5,0,18,Maintenance
2.6.39,xfs: convert log tail checking to a warning,journal,2,25,8,Reliability
2.6.39,xfs: catch bad block numbers freeing extents.,balloc,1,23,7,Reliability
2.6.39,xfs: push the AIL from memory reclaim and periodic sync,"file,journal",4,61,9,Performance
2.6.39,xfs: clean up code layout in xfs_trans_ail.c,misc->code,1,118,136,Maintenance
2.6.39,xfs: convert the xfsaild threads to a workqueue,misc->code,3,124,151,Maintenance
2.6.39,xfs: introduce background inode reclaim work,file,2,67,3,Feature
2.6.39,xfs: convert ENOSPC inode flushing to use new syncd workqueue,"file,super",3,36,102,Performance
2.6.39,xfs: introduce a xfssyncd workqueue,misc->api,4,63,61,Maintenance
2.6.39,xfs: fix extent format buffer allocation size,journal,1,40,27,Performance
2.6.39,xfs: fix unreferenced var error in xfs_buf.c,misc->code,1,0,2,Maintenance
2.6.39,xfs: stop using the page cache to back the buffer cache,file,2,84,297,Performance
2.6.39,xfs: register the inode cache shrinker before quotachecks,super,1,24,10,Bug
2.6.39,xfs: xfs_trans_read_buf() should return an error on failure,journal,1,2,1,Bug
2.6.39,xfs: introduce inode cluster buffer trylocks for xfs_iflush,"super,file,inode,journal",4,32,8,Bug
2.6.39,xfs: preallocation transactions do not need to be synchronous,"file,ioctl,vfs",4,12,2,Performance
2.6.39,"xfs: don't name variables ""panic""",misc->code,0,0,0,Maintenance
2.6.39,xfs: factor agf counter updates into a helper,misc->api,1,69,62,Maintenance
2.6.39,xfs: clean up the xfs_alloc_compute_aligned calling convention,misc->code,1,13,16,Maintenance
2.6.39,xfs: kill support/debug.[ch],misc->code,0,0,0,Maintenance
2.6.39,xfs: Convert remaining cmn_err() callers to new API,misc->api,20,169,238,Maintenance
2.6.39,xfs: convert the quota debug prints to new API,misc->api,1,12,15,Maintenance
2.6.39,xfs: rename xfs_cmn_err_fsblock_zero(),misc->api,1,5,5,Maintenance
2.6.39,xfs: convert xfs_fs_cmn_err to new error logging API,misc->api,13,53,85,Maintenance
2.6.39,xfs: kill xfs_fs_mount_cmn_err() macro,misc->code,2,43,35,Maintenance
2.6.39,xfs: kill xfs_fs_repair_cmn_err() macro,misc->api,4,19,29,Maintenance
2.6.39,xfs: convert xfs_cmn_err to xfs_alert_tag,misc->api,9,36,74,Maintenance
2.6.39,xfs: Convert xlog_warn to new logging interface,misc->api,6,177,189,Maintenance
2.6.39,xfs: Convert linux-2.6/ files to new logging interface,misc->api,6,76,90,Maintenance
2.6.39,xfs: introduce new logging API.,other,4,155,0,Feature
2.6.39,xfs: enable delaylog by default,misc->code,2,1,7,Maintenance
2.6.39,xfs: more sensible inode refcounting for ialloc,misc->code,5,19,78,Maintenance
2.6.39,xfs: stop using xfs_trans_iget in the RT allocator,"balloc,volume",2,23,39,Performance
2.6.39,xfs: add lockdep annotations for the rt inodes,"balloc,inode,volume",3,26,15,Reliability
2.6.39,xfs: fix xfs_get_extsz_hint for a zero extent size hint,file,1,5,13,Bug
2.6.39,xfs: only lock the rt bitmap inode once per allocation,"balloc,volume",2,24,21,Bug
2.6.39,xfs: convert to alloc_workqueue(),misc->api,2,4,3,Maintenance
